AIT台北办事处处长郦英杰吊唁台军死去士兵，目的何在？,“美在臺協會”（AIT）臺北辦事處處長酈英傑。（圖片來源網絡） 臺海軍陸戰隊本月3日舉行搶灘操演，突擊艇翻覆，造成陳志榮及蔡博宇等士官兵罹難，“美在臺協會”（AIT）臺北辦事處處長酈英傑日前罕見出席這兩名在演習中死去士兵公祭。輿論認爲，酈英傑表達哀悼只是表面動作，實質帶有不可告人的政治目的。 一向“高高在上”的酈英傑，居然親臨臺軍士兵公祭，向受難者家屬握手致哀。如此大費周章，真的是單純想表達哀思嗎？ 當然不是！如果AIT如此好心，爲何在臺灣遭受自然災害的時候，不見AIT臺北辦事處人員前往救災救援、爲死去的民衆弔唁默哀呢？ 那酈英傑此舉目的何在？其一，拉攏感情，固化民進黨當局及臺軍官兵對美的依賴和感激。其二，繼續渲染兩岸敵對情緒，製造危機感，持續強化兩岸對立對抗氛圍。其三，傳達美方作爲“後盾”支持臺軍的信號，提升民進黨當局“以武拒統”“倚美謀獨”的信心和勇氣。 “美國在臺協會”近來動作頻頻，在挑撥兩岸關係方面可謂不遺餘力。從去年底臺灣“兩項選舉”時，大肆污衊稱大陸通過釋放假信息、對臺施壓“影響臺灣選舉”，以此強化“仇中”情緒，藉機影響島內民衆投票傾向。今年4月底，AIT連續在網絡媒體發表煽動言論，鼓動民進黨當局參加世衛組織、世衛大會，以推動臺灣擴大國際參與的藉口，企圖在國際上製造“兩個中國”，加劇兩岸對抗。5月，AIT臺北辦事處處長酈英傑“建議”將“中華職棒”更名爲“臺灣職棒”，明顯是鼓動民進黨當局推動“去中國化”，刻意擴大兩岸嫌隙。 如此看來，AIT是美國挑撥兩岸關係的前哨，島內民衆要看清形勢，認清美國把臺灣當棋子使的真實嘴臉。美國在臺協會給兩岸關係添亂，無非是想加劇兩岸對抗，最終會給臺灣帶來無窮的災難，而不是和平與繁榮。（文/雙九）,red
怂恿特朗普为台湾开战的美国议员真提案了，岛内网友：呵呵呵,【環球網報道】在經過一番“預熱”後，美國聯邦衆議院外委會亞太小組共和黨首席議員遊賀當地時間29日正式提出所謂“防止臺灣遭侵略法案”。臺灣“中央社”稱，這項提案授權美國總統在大陸武力“侵犯臺灣”時，動用武力確保臺灣免受襲擊。島內網民在遊賀預熱放風時就“恍然大悟”稱，原來美國武力“協防颱灣”到現在都沒有法律依據，並嘲諷這是今年聽到最好的笑話。在議案被提出後，島內網友說，美國如今和大陸關係不好了，又把臺灣拿出來做做樣子，“筆尖的性質不會改變”。報道稱，遊賀通過新聞稿聲稱，這項提案目的在於闡明並加強美國對於武力攻擊發生時防衛臺灣的承諾。這項提案採取多項重要步驟，以應對大陸對臺灣採取的一系列“侵略”行動。提案還訂有5年“落日條款”（法律或合約中訂定部分或全部條文的終止生效日期）。根據臺媒報道，這項提案給予美國總統有限的國防授權，在臺灣受到大陸的直接武力襲擊、大陸借武力奪取臺灣實質管轄領土，以及臺灣民衆或軍人遇害或生命遭逢威脅等情況下，美國總統有權動用武力，並採取總統認爲的必要與適當措施，確保並捍衛臺灣免受武力襲擊。此外，提案還說，將持續推動美臺高層互訪以及與臺灣就雙邊貿易協定展開協商等。對此，有網友在臉書表示，“臺灣只是個籌碼，跟大陸好的時候，把臺灣踢到一邊，現在跟大陸不好了，就做做樣子。老美很清楚怎麼做纔是對自己最有利益的做法。”針對這項提案，有網友直言，“保險人：臺灣；被保險人：臺灣；受益人：美國”。還有網友說，“提案歸提案，案子過再說，否則都是政治考量。”“不管什麼法，筆尖的本質是不會變的。”“繳了這麼多保護費，終於得到迴應了，但是，真的會來幫忙嗎？呵呵呵”對於遊賀的這個提案，臺灣“中時電子報”日前以“又吃臺灣豆腐”爲題發表評論文章表示，表象上看，美國是在友臺挺臺，實際上是不斷藉由臺灣向大陸出招，甚至意存挑釁。此前，針對有美國政客叫囂“絕對不會對大陸武力攻臺坐視不管”，在國防部今年2月28日的記者會上，國防部新聞發言人吳謙曾明確表示，臺灣問題是中國內政，不容任何外來干涉。任何煽動兩岸敵意、渲染兩岸對抗的行徑，都只會給臺灣同胞帶來災難。以武拒統死路一條，以臺製華註定徒勞。解放軍有堅定的意志、充分的信心和足夠的能力維護國家主權和領土完整。,red
医院证实李登辉“身体状况不理想”，蔡英文、赖清德等前往探视,【環球時報特約記者 張天行】臺灣地區前領導人李登輝28日深夜傳出病情惡化的消息，綠營政客29日先後去醫院探視，引發諸多聯想。據臺灣“中央社”29日報道，李登輝今年2月8日晚間在家中由護理師測量血壓、血糖後，喝牛奶補充營養，卻因喝得太快嗆到咳不停，緊急送往臺北榮民總醫院（榮總）發現肺部浸潤，住院將近半年，28日深夜突然傳出病情惡化及拔管去世的消息。29日凌晨，“臺聯黨”在臉書發文澄清，有名嘴也在臉書撤下李登輝死亡的消息，但一大早榮總門口仍聚集大批媒體守候。聯合新聞網稱，“副總統”賴清德29日取消上午行程，改赴醫院探視李登輝，接着蔡英文和“行政院長”蘇貞昌也到醫院，隨後又傳出李登輝妻子曾文惠上午11時在看護與隨從陪同下抵達榮總的消息，“引發外界諸多聯想”。榮總29日上午稱，李登輝的身體狀況確實不理想，但仍在醫院接受治療，還不到外界傳聞的程度；由於家屬未授權，無法針對病情做進一步說明。李登輝辦公室主任王燕軍發表三點聲明稱，蔡英文、賴清德及蘇貞昌確實在29日上午探視李登輝；相關信息均由“總統府”發言人統一對外說明；有關病情由榮總以新聞稿對外公開。陳水扁還在29日接受採訪時透露，上次拜訪李登輝是在兩年前的1月，當時李的身體狀況就已大不如前，之後他就沒有再前往探視。李登輝出生於1923年1月，在日本殖民時期的“皇民化運動”中曾改名巖裏政男；早期爲臺灣的農業經濟學者，曾任臺大教授，1972年投身政界，歷任臺北市長、“臺灣省主席”及“副總統”等職，1988年蔣經國去世後繼任臺灣地區領導人及國民黨主席；1990年及1996年先後當選第八任、第九任臺灣地區領導人，任內拋出“兩國論”，導致兩岸關係惡化。2000年李登輝因選舉失利卸任，2001年9月爲新成立的“臺聯黨”候選人站臺，正式被國民黨撤銷黨籍。李登輝上任之初，曾在1991年通過“國家統一綱領”，裏面寫有“臺灣固爲中國一部分，大陸也是中國的一部分”的說法，但他很快背棄了自己的政治理念，1999年7月在接受“德國之聲”錄影採訪時拋出“兩國論”，聲稱“海峽兩岸的關係，是特殊的國與國關係”，導致兩岸關係空前緊張。蔡英文時任“國安會”諮詢委員，是“兩國論”起草小組主要成員。2000年李登輝卸任後，蔡英文又出任陸委會主委，成爲民進黨陳水扁當局的兩岸政策掌舵者。卸任後李登輝繼續鼓吹“臺獨”，聲稱“臺灣是一個主權獨立的國家，它的國號叫作中華民國”。大陸國臺辦此前曾多次強調，“臺獨”是一條走不通的死衚衕，只會給臺灣同胞帶來災難。近年來，李登輝因爲身體原因多次被傳死亡。2018年11月29日，他在家中不慎跌倒，撞到頭部，被緊急送醫，兩個多月後出院返家。,red
今年赴台旅客估减千万人次 观光损失相当于6.5栋台北101大楼造价,今年上半年赴臺旅客較去年同期大減78.9%。（圖片來源：臺灣《聯合報》） 中國臺灣網7月28日訊 據臺灣《經濟日報》報道，臺當局觀光部門27日公佈今年上半年赴臺旅客人數統計，受新冠肺炎疫情影響，赴臺旅客僅有126.2萬人次，較去年同期的597.7萬餘人，大幅衰退78.9%。若國際疫情未能緩和，預估全年將較去年大減千萬人次以上。 據報道，依據臺觀光部門2018年針對境外旅客赴臺所做的“旅客消費動向調查”顯示，當年赴臺旅客平均每人共消費3萬7345元新臺幣，若今年旅客量狂減千萬人次，臺灣觀光收益損失金額將高達3734.5億元新臺幣，相當於6.5棟臺北101大樓的造價，對航空公司、旅行社、國際觀光飯店、免稅店、機場相關業者、遊覽車業者等，衝擊相當大。 統計顯示，今年1月疫情未爆發時，赴臺旅客量近81.3萬人，2月起疫情不斷延燒，赴臺旅客量開始大幅縮減，3月減至7.8萬餘人，4月、5月疫情橫掃全球，各地紛紛採取嚴格的邊境管控措施，導致赴臺旅客人數驟降至二、三千人。 臺觀光部門官員分析，國際疫情一天不緩和，國際旅客就不可能赴臺旅遊，有人已預估到年底恐怕都是人出不去、進不來的狀況。若果真如此，今年全年赴臺旅客量恐怕將連135萬都達不到，將較去年的1186.4萬人次，狂減千萬人次以上。（中國臺灣網 李寧）,red
振兴经济=排队+死机？这就是民进党当局的高招,振興經濟=排隊+死機？這就是民進黨當局的高招。（圖片來源網絡） 新冠肺炎疫情衝擊全球經濟，尤其對以出口貿易爲主的臺灣經濟影響深遠。臺當局勞動事務主管部門24日發佈最新“無薪假”數據，島內實施“無薪假”的企業數和人數再度升高至1049家、25208人，較上週增加75家、1601人。顯示疫情對經濟的負面影響不僅沒有暫緩，反而不斷加深。 爲挽救經濟頹勢，民進黨當局早在數月前就曾提出所謂振興經濟“三部曲”，看起來政策制定和實施頗有“節奏感”，但撕開這些名頭響亮的政策包裝，裏面只有“發錢”兩個字。 尤其是最近島內正在發放的“三倍券”，看起來非常實惠，民衆花1000元（新臺幣，下同）就能購買到價值3000元的“三倍券”，但實際使用時卻並沒有那麼美好。 首先，最受臺灣民衆吐槽的是“三倍券”領取流程非常麻煩，需要到官網預約，併到郵局領取。早在此券開領第一天，官網就發生了“當機”，也就是我們常說的系統崩潰；而在實際領取過程中，民衆都要大排長龍。 其次，1000塊錢什麼都能買，但3000塊的消費券，消費起來卻有諸多限制，規則非常細碎，讓網友直呼心累。 第三，由於民進黨當局的一通折騰，導致“三倍券”發放成本比當年馬英九發放的消費券，要多出數億元。而事實上，“三倍券”除了更麻煩、更不方便外，跟消費券根本沒有本質上的區別，都是同一種東西。之所以反覆在申請流程上不斷變化，只是因爲民進黨當局要刻意製造兩者的不同特徵，以免被人說抄襲馬的政策。 臺灣《經濟日報》社論指出，（民進黨當局）凡事都要人民排隊，從年初的排隊領酒精、領口罩，到7月姍姍來遲的“三倍券”仍要上千萬人排隊領紙券，竟將大排長龍解釋爲有刺激效果，對於高達12億元的印製及交易成本卻不以爲意 。 事實上，在三倍券之亂尚未結束之際，民進黨當局的各個職能部門也一窩蜂地推出了五花八門的藝Fun券、動滋券、農遊券、客莊旅遊券等。但由於“期限短，金額低，名額少，且以網路申請，幾十萬人申請就造成網路塞爆、系統當機”，官網甚至貼出“慢慢來，比較快”的笑話，而多數人未中籤而失望，註定振興政策是每下愈況。 排隊等於刺激消費有效，當機等於消費熱情高漲，這就是民進黨當局對於臺灣經濟的洞見和觀察。 殊不知，之所以有這麼多人去排隊或上網預約，來換取優惠，恰恰說明老百姓錢包癟癟，對未來收入情況充滿悲觀預期。民進黨當局自以爲是的“成果”，其實是臺灣經濟沉淪的鐵證。 （文/關其行）,red
压力大，时间长 解放军战机绕台频次增多 台军机疲于应对,據臺媒報道，今年六月起解放軍軍機進入臺灣外圍空域的頻次增多，使臺軍疲於奔命。駐守臺南空軍基地的“經國”號戰機，今年六月飛行時間達成率爲128％，且一半時間用於應對解放軍戰機，雖臺防務部門不願公佈其他基地的戰機飛行時間，但強調會做出適切調配。 根據臺防務部門、日本防衛省統計信息，解放軍戰機僅是今年六月就有十次進入臺外圍空域的紀錄，其中有九次進入臺灣防空識別區西南角；另有一次則取道宮古海峽，進入臺灣東部外圍空域。七月至今也有五次紀錄，其中七月二十三日深夜、七月二十四日凌晨的跨夜演練，讓臺各空軍基地派遣多架次戰機升空。 解放軍軍機進入臺灣外圍空域頻次增多，也使臺軍壓力更加吃重。臺空軍第一聯隊稱，今年六月該聯隊的飛行時間達成率爲128％，半數爲訓練，另外半數爲應對解放軍戰機。 據瞭解，如果解放軍戰機進入臺防空識別區西南角，除了海峽偵巡機外，包括臺中、嘉義、臺南、花蓮等基地也會派戰機增援；另外，駐守於澎湖的IDF“經國”號戰機“天駒部隊”，也會視任務需求協處。,red
专业救捞力量联合出动 台湾海峡翻扣运砂船救助行动仍在持续中,2020年7月26日凌晨，一艘空載運砂船“宏翔819”輪行駛至臺灣海峽翻扣，船上有9名船員。交通運輸部救助打撈局派遣專業救助力量前往搜尋救助，截至目前，成功救助1名遇險人員，並找到四名遇險船員遺體。 “宏翔819”輪船長約150米，寬24米，具體翻扣地點在福建東山島東南68海里處。接廣東海上搜救中心和福建省海上搜救中心信息後，南海救助局和東海救助局迅速派遣專業救助船“南海救101”輪及東海第二救助飛行隊專業救助直升機前往現場搜尋。抵達現場後，發現“宏翔819”輪翻扣漂浮，船體約三分之一露出水面，現場未發現遇險人員，判斷遇險人員可能在翻扣船中。26日，東海第二救助飛行隊及南海第一救助飛行隊先後運送東海救助局、南海救助局、廣州打撈局16名潛水員抵達現場，展開搜救。 截至目前，共執行潛水8班次、14人次，潛水搜尋時間642分鐘，從貨艙成功救出一名遇險船員，並在翻扣船的生活艙和艇甲板艙室打撈出4具遇險船員遺體，仍有4名人員失蹤。下一步將根據搜救部門要求和現場評估結果採取後續搜救行動。 （總檯央視記者 唐穎） ,red
台湾出现今年第3例本地登革热病例 研判为社区群聚感染,臺灣出現今年第3例本地登革熱病例。（圖片來源：臺灣“中時電子報”） 中國臺灣網7月27日訊 綜合臺灣《聯合報》、《中國時報》報道，臺灣21日出現今年首例本地登革熱病例，繼24日出現第2人確診後，26日又出現第3例確診病例，爲桃園區長安裏60多歲男性，也是該地區第2名確診個案。因其住家與第2例個案鄰近，研判爲社區羣聚感染事件，衛生局及環保局已緊急動員消毒。 據報道，臺灣今年首例本地登革熱病例爲居住在桃園區玉山裏的30多歲男性，於21日確診。第2例是第1例的非同住母親，第1例個案曾在6月28日、7月5日及7月11日前往第2例個案住家探視，衛生局初步研判爲羣聚感染事件。 第3例個案爲桃園區長安裏60多歲男性，與第2例爲同村居民，他曾在7月20日出現膝蓋痠痛、21日出現發燒及全身痠痛症狀，就醫時被診斷爲流感。因症狀未改善，7月22日、24日兩度到醫院就醫。25日再次就醫時主動告知醫師居住地附近有登革熱確診個案，經醫院通報及採檢後確診。 當地衛生局表示，第3例個案近期無境外旅遊史，平日活動地點以桃園區住家及蘆竹區老家爲主，因其住家與第2例個案鄰近，研判爲社區羣聚感染事件，已經和環保局緊急動員159人次，針對個案住家及方圓50米範圍內執行孳生源清除等作業，也會持續在長安裏設置社區篩檢站，主動篩檢，以免疫情擴散。（中國臺灣網 李寧）,red
孙大千列绿营政治人物论文争议质问民进党：不愿面对到底在怕什么？,【環球網報道】國民黨高雄市長補選參選人李眉蓁近日被質疑論文抄襲，島內政壇論文風波再起。國民黨前“立委”孫大千今日（26日）在臉書發文表示，論文抄襲嚴重違反學術倫理，原本就是一種零容忍的行爲。李眉蓁既然已經公開道歉，並且申請撤銷學位，接下來的是，民進黨是否要用同樣的零容忍標準，來處理黨內政治人物的論文爭議。孫大千認爲民進黨發言人應該回答的幾個問題。第一，論文當中拼字錯誤連篇，論點錯誤不斷，是否代表這篇論文大有問題？難道蔡英文不應該站出來爲自己的論文說幾句話嗎？第二，“刻意抄襲”和“抄錄不當”的界線究竟在哪裏，難道陳建仁（無黨籍，曾以蔡英文副手身份參加2016年臺灣地區領導人選舉，當選臺灣地區副領導人）不應該站出來說清楚嗎？第三，如果90%算是抄襲，那麼，50%、25%算不算是抄襲？難道這些被點名的民進黨籍（注：原文如此）政治人物不應該站出來解釋嗎。 孫大千還說，民進黨發言人寧願長篇大論地來牽拖國民黨是否有網軍的問題，卻不願意花一點時間來面對黨內重量級政治人物的論文爭議，顯然是一種心虛的表現，到底是在怕什麼？據媒體此前報道，陳建仁曾於2015年被質疑涉“論文抄襲事件”，陳建仁迴應事件時聲稱，是“抄錄不當的瑕疵，而不是抄襲的論文”。此外，據臺灣《聯合報》報道，10年前，現任蔡辦祕書長、當時代表民進黨參選臺中市長的蘇嘉全也曾經卷入論文抄襲風波，甚至當時連蘇嘉全論文雷同的比例、與被抄襲者的關係都被列出。當時蘇嘉全曾控告爆料的國民黨“立委”邱毅，2年後檢察官認證論文“確實有許多雷同”，提出不起訴。而臺灣地區領導人蔡英文也曾被質疑博士學位、論文造假。被質疑論文抄襲後，李眉蓁23日召開記者會，落淚鞠躬致歉，也宣佈放棄中山大學在職碩士班學位。22日，李眉蓁曾發表聲明說，要檢驗論文應該一視同仁，點名蔡英文如果願意出面迴應，她也會按照蔡英文的標準迴應，應該一視同仁。蔡英文23日上午被媒體問到此事時，一度吞吞吐吐，連說8次“Errrr（呃）…”，並趕緊宣稱自己的論文“沒問題”。有島內網民對此反諷，“這題拿給蔡英文答，有點強人所難。”,red
岛内放无薪假人数回升至2.5万人 制造业为重灾区,島內放無薪假人數回升至2.5萬人。（圖片來源：臺灣《聯合報》） 中國臺灣網7月25日訊 綜合臺灣《經濟日報》、《聯合報》報道，臺當局勞動事務主管部門24日發佈最新減班休息（俗稱無薪假）統計，島內實施無薪假的企業數和人數再度升高至1049家、25208人，較上週增加75家、1601人。其中製造業放無薪假企業數及人數皆創新冠肺炎疫情爆發以來新高，達353家、16517人。 據報道，自今年初爆發疫情以來，島內實施無薪假企業數及人數持續上升，直至7月隨着疫情趨緩，一度出現連續兩週明顯減緩趨勢，但本週又增加到25208人。 臺當局勞動事務主管部門官員稱，儘管島內疫情趨緩，但製造業受到海外訂單減少影響，無薪假仍持續惡化，一週內增加38家、590人。 製造業中，金屬機電業爲重災區，放無薪假的企業數及人數都增加，目前有172家、6094人。包括紡織業在內的民生工業，則有76家、4284人；化學工業有71家、4884人。服務業方面，批發及零售業放無薪假企業數和人數上升至332家、4778人。 臺官員稱，因歐美地區陸續爆發第二波疫情，民間消費仍未回溫，致臺灣製造業訂單減少，製造業放無薪假的狀況恐難在短期內明顯下降，後續影響仍須進一步觀察。（中國臺灣網 李寧）,red
又来挑事儿？美议员提案授权总统出兵阻止大陆武统,這兩天，島內一些綠營政客和媒體又出來自嗨了。 據臺灣多家媒體報道稱，美國“友臺派”、共和黨衆議員泰德·遊賀（Ted Yoho）計劃本週將提出一項所謂的“防止臺灣被侵犯法”。該法案將授權美國總統在中國大陸出兵“進攻臺灣”時動用武力迴應。報道也提及，該法案設有5年“日落條款”，即5年後自動終止。 此事引發島內輿論熱議，有網友諷刺說，原來美國武力“協防颱灣”到現在都沒有法律依據，軍機軍艦繞來繞去只是展示而已。還有網友表示，美國會爲臺灣動武是今年聽過“最大的笑話”。 儘管這一法案“作秀”成分居多，且尚未進入投票階段，但依然被民進黨當局和綠營媒體藉機大肆“炒作”。臺當局外事主管部門對此迴應說，感謝美國國會議員近年採取多項所謂“友臺”作爲，還聲稱該法案“展示對臺海穩定的重視”。而民進黨民代羅致政就更離譜，直接把這八字都沒一撇的法案拔升到“對臺重要承諾”的高度。當然，這個號稱要提議案的共和黨議員自然也被一些綠營媒體塑造成了“抗陸護臺”的“友臺人士”。 衆所周知，自民進黨當局和蔡英文上任以來，他們不斷試圖拉攏外部勢力介入臺海局勢，妄圖“挾洋自重”，謀求“臺獨”。而在美國，包括遊賀在內的一些反華議員與“臺獨”分子一唱一和，不斷推出各種誇張的“援臺法案”，在臺海局勢上“興風作浪”，大秀存在感。 可以看出，美國在涉臺軍事關係內容上層層加碼，也越來越公開化。說到底，美國這些口惠而實不至的“法案”，讓民進黨只能是可望而不可及。這些美國政客的目的到底是爲了“友臺”，還是“反華”，不言則明。若民進黨執迷不悟，不肯面對現實，到時候只能竹籃打水一場空，最終受傷的還是臺灣。(文/郭大路),red
全国首个涉台海事审判白皮书在厦门发布，一并公布8个案例,法制網7月21日消息，21日上午，廈門海事法院召開新聞發佈會，發佈建院30年來涉臺海事審判白皮書，並公佈了8個典型案例。據悉，發佈涉臺海事審判白皮書在全國法院尚屬首個。 白皮書顯示，廈門海事法院從1991年11月受理第一起涉臺海事案件以來，案件數量總體呈上升趨勢，截至2020年3月，全院共受理各類涉臺海事案件506件，標的金額12.17億元，在100天內審結的案件佔50%以上。案件類型以傳統海事海商糾紛爲主，其中，海上貨物運輸合同糾紛、海上貨運代理合同糾紛、海上人身損害責任糾紛、船員勞務合同糾紛、船舶碰撞損害賠償糾紛等佔受案總數的67%。 白皮書分析了廈門海事法院涉臺海事審判具有受理海事糾紛涉臺因素廣泛、涉臺當事人選擇廈門海事法院管轄的案件數量增加、涉臺與涉外法律關係交織等特點。在依法維護國家領土主權和海洋權益，依法保障兩岸海上直航，依法保護兩岸同胞合法權益等方面，廈門海事法院堅持改革創新、先行先試，成立涉臺海事審判庭，完善審判組織和服務網絡，擴大臺胞參與海事司法，積極推進兩岸海事司法交流，健全多元化解涉臺糾紛機制，切實破解涉臺司法難題，努力構建區域性海事糾紛解決中心。 （原題爲《全國首個涉臺海事審判白皮書在廈門發佈》） ,red
力抬李眉蓁选情 国民党籍14位县市长将穿插南下辅选,國民黨高雄市長補選候選人李眉蓁。（圖片來源：臺灣《聯合報》） 高雄市長補選將在8月15日投票，國民黨候選人李眉蓁選情仍待突破。綜合臺灣《聯合報》報道，國民黨兵分多路輔選，國民黨主席江啓臣、前主席朱立倫日前皆南下陪同李眉蓁掃街拜票，黨籍14位縣市長週末起將穿插南下幫忙站臺輔選。 國民黨黨務人士指出，因14位黨籍縣市長各自可輔選時間不同，也要配合李眉蓁競選活動規劃，最後行程安排仍在聯繫中，原則上不會一次到齊。黨務人士分析，民進黨高雄市長候選人陳其邁民調雖高，但支持者固定，支持度已達天花板。不過現階段李眉蓁知名度仍偏低，要讓討厭陳其邁的民衆轉向支持她，還有很大努力空間，黨籍14位縣市長輔選可望拉擡李眉蓁知名度與支持度。 除黨籍縣市長牌，國民黨黨務人士表示，要快速拉擡知名度與選情，最有效的方式是舉辦大型造勢活動，陣營內也確實評估參考前市長韓國瑜競選時的“三山造勢”模式，除25日競選總部成立大會、選前之夜外，再舉辦1、2場大型活動。這幾天與前臺灣立法機構負責人王金平交換心得，他有給予一些建議。 至於韓國瑜是否現身相挺，與韓有私交的黨務人士表示，韓國瑜與李眉蓁一直有聯繫，也已經允諾，只要“審慎評估”後，需要他幫忙，隨時可以公開相挺。李眉蓁陣營人士則分析，韓國瑜這張王牌要用在現階段拉擡知名度，還是作爲選戰末期催票關鍵力量，使用時機點仍待最後評估。（中國臺灣網 李寧）,red
蓝绿阵营一致反对，台军“阿帕奇”进驻台东计划搁浅,【環球時報報道 記者 張天行】臺軍剛發生戰搜直升機墜毀事故，“陸軍航空特戰指揮部”就爆出計劃在臺東豐年機場興建“陸航豐年基地”，結果引發藍綠陣營的一致反彈。據臺灣《聯合報》19日報道，臺“陸軍航空特戰指揮部”計劃把“陸航豐年基地”作爲直升機及人員輪訓場地。18日，臺東縣政府爲此舉辦“阿帕奇規劃進駐臺東說明會”，邀請地方各界代表及軍方進行討論，結果地方不分藍綠一致反對，希望軍方另覓他處。報道稱，軍方由“陸軍司令部”參謀長陳忠文率隊出席，提出選擇臺東豐年機場除了應對未來臺灣防衛作戰需要外，主要是機場內有41公頃土地爲軍方所有。臺東縣長饒慶鈴清楚表達反對立場，稱空軍志航基地已影響臺東百姓這麼多年，實在搞不懂“陸航”爲何還要選擇周圍都是住宅區的豐年機場。民進黨“立委”劉棹豪要求軍方深刻體會生活在噪音下的痛苦，國民黨“立委”廖國棟還說，志航基地給居民的回饋是零分，所以從志航基地的經驗看，他絕不同意。在強大壓力下，臺“陸軍司令部”19日上午表示，“基於尊重民意併兼顧國防安全，陸軍司令部將持續溝通，在未獲得共識前，此案將暫緩執行”。“剛墜機就辦說明會 居民怎能不憂？”《聯合報》19日評論稱，針對敏感質疑，軍方仍以“機密、不便回答”爲由迴避。民衆沒有聽到能說服他們接受的答案，自然會反彈，“誰希望家裏上空，每天都有軍機起降擾人呢？更何況航特部一架戰搜直升機纔剛發生意外”。《中國時報》19日稱，“阿帕奇”擺在東部，“在戰術上，作戰價值未必比在西部高”。而在戰略方面，兩岸武力不對稱，升高對立不僅無助於臺海安全，而且以對岸解放軍爲假想敵一味地擴張軍武，使“臺灣後山也將因軍事基地密佈，從好山好水成爲火藥庫”。至於軍方提及“災防支持需求”也有討論空間，因爲一旦災害發生，有更適合的“黑鷹”直升機，“阿帕奇”主要功能仍是在戰場上，並非救災專用。文章直言，“阿帕奇”訓練基地遷到臺東，不管是環保、戰術、戰略等均面臨考驗，“軍方應審慎考慮，避免國安、環保雙輸”。,red
不论蓝绿一致反对！这里怎么了？,【環球網報道 記者 尹豔輝】臺陸軍“航空特戰部隊”要在臺東豐年民航機場設置“阿帕奇”直升機基地，引發島內民衆對噪音干擾的疑慮。據臺灣“中時電子報”等媒體報道，臺東縣政府縣府7月18日舉辦“‘阿帕奇’規劃進駐臺東說明會”，邀集地方各界代表及臺軍進行討論，結果地方不分藍綠一致反對。報道稱，在說明會上，包括臺東縣縣長饒慶鈴、“立委”廖國棟及劉桌豪，議長吳秀華和多位議員、臺東市長張國洲、多位市民代表及里長，還有關注此議題的民衆有上百人蔘加。饒慶鈴表示，臺東縣政府立場很清楚，就是堅決反對。該處腹地全是住宅區，不明白爲何臺軍選擇這裏做“阿帕奇”直升機基地，臺東已有豐年機場、志航基地，還要“阿帕奇”，對臺東民衆非常不公平。她說，臺軍要替臺東民衆想，防務很重要，但民生問題難道不重要？捍衛民衆生活品質她責無旁貸，希望臺軍另覓合宜地點，創造防務與環境雙贏。報道稱，民進黨籍“立委”劉桌豪在會上要求臺軍深刻體會生活在噪音下的痛苦，他說，臺陸軍計劃在豐年機場旁41公頃土地，建直升機訓練基地，首期規劃預算已在去年“立法院國防委員會”凍結，目前整個期程停頓，他強調此議題跨越藍綠，大家會站在一起全力監督，不能貿然進行。另外，國民黨籍“立委”廖國棟提到，從志航基地的經驗來看，他絕不同意，另外，該基地與原住民傳統領域重疊，將要求原民會正視此議題。“我們不要噪音補助，只要安靜與安全的生活空間”，鄰近機場的康樂里長張清標說，目前豐年機場已有安捷航空、空勤隊、民航機，吵得居民不得好眠，拜託“阿帕奇”別再來，否則一定抗爭到底。建農里長林金寶質疑，臺軍口口聲聲溝通協調，但臺東民衆多少人贊成，多少人反對，臺軍做過民意調查嗎？以蜻蜓點水式溝通協調唬弄，行政程序有瑕疵。此前，被問及關於臺當局針對大陸制定了所謂“整體防務構想”等問題時，國臺辦發言人馬曉光曾表示，對臺海和平的最大威脅是“臺獨”勢力及其分裂活動。以武對抗，是一條走不通的絕路，是死路。如果是爲了給自己吹哨壯膽，那不如不去走夜路，回到以“九二共識”爲基礎的兩岸關係和平發展的正確軌道上來。只有這樣臺海局勢和兩岸關係纔會呈現出和平、安寧、祥和、合作的氛圍。,red
台军“阿帕奇”计划进驻台东，当地不论蓝绿一致强力反对！,【環球網報道 記者 尹豔輝】臺陸軍“航空特戰部隊”要在臺東豐年民航機場設置“阿帕奇”直升機基地，引發島內民衆對噪音干擾的疑慮。據臺灣“中時電子報”等媒體報道，臺東縣政府縣府7月18日舉辦“‘阿帕奇’規劃進駐臺東說明會”，邀集地方各界代表及臺軍進行討論，結果地方不分藍綠一致反對。報道稱，在說明會上，包括臺東縣縣長饒慶鈴、“立委”廖國棟及劉桌豪，議長吳秀華和多位議員、臺東市長張國洲、多位市民代表及里長，還有關注此議題的民衆有上百人蔘加。饒慶鈴表示，臺東縣政府立場很清楚，就是堅決反對。該處腹地全是住宅區，不明白爲何臺軍選擇這裏做“阿帕奇”直升機基地，臺東已有豐年機場、志航基地，還要“阿帕奇”，對臺東民衆非常不公平。她說，臺軍要替臺東民衆想，防務很重要，但民生問題難道不重要？捍衛民衆生活品質她責無旁貸，希望臺軍另覓合宜地點，創造防務與環境雙贏。報道稱，民進黨籍“立委”劉桌豪在會上要求臺軍深刻體會生活在噪音下的痛苦，他說，臺陸軍計劃在豐年機場旁41公頃土地，建直升機訓練基地，首期規劃預算已在去年“立法院國防委員會”凍結，目前整個期程停頓，他強調此議題跨越藍綠，大家會站在一起全力監督，不能貿然進行。另外，國民黨籍“立委”廖國棟提到，從志航基地的經驗來看，他絕不同意，另外，該基地與原住民傳統領域重疊，將要求原民會正視此議題。“我們不要噪音補助，只要安靜與安全的生活空間”，鄰近機場的康樂里長張清標說，目前豐年機場已有安捷航空、空勤隊、民航機，吵得居民不得好眠，拜託“阿帕奇”別再來，否則一定抗爭到底。建農里長林金寶質疑，臺軍口口聲聲溝通協調，但臺東民衆多少人贊成，多少人反對，臺軍做過民意調查嗎？以蜻蜓點水式溝通協調唬弄，行政程序有瑕疵。此前，被問及關於臺當局針對大陸制定了所謂“整體防務構想”等問題時，國臺辦發言人馬曉光曾表示，對臺海和平的最大威脅是“臺獨”勢力及其分裂活動。以武對抗，是一條走不通的絕路，是死路。如果是爲了給自己吹哨壯膽，那不如不去走夜路，回到以“九二共識”爲基礎的兩岸關係和平發展的正確軌道上來。只有這樣臺海局勢和兩岸關係纔會呈現出和平、安寧、祥和、合作的氛圍。,red
陈菊等台监察机构人事案强行闯关 台媒：史上最具争议,蔡英文（左）提名陳菊（右）出任臺“監察院長”，引爆政壇風暴。（圖片來源：臺灣《聯合報》） 中國臺灣網7月18日訊 綜合臺灣《中國時報》《聯合報》報道，臺灣立法機構17日舉行臺監察機構人事同意權投票，陳菊在朝野激烈抗爭中闖關成功，確定接掌臺監察機構，其餘26名被提名人也全數過關。報道稱，這是臺灣史上最具爭議性的監察機構人事。 臺灣地區領導人蔡英文6月提出新一屆臺監察機構29人名單，事後有2人主動退出。全案送臺立法機構審議後，國民黨質疑27人中有24名具有綠營背景，尤其陳菊最不適任，因而在本週審查期間強勢抗議，誓言擋下表決。民進黨卻強勢清場，17日展開同意權表決。 據報道，臺立法機構當天從場內到場外抗爭不斷。場外由民團號召近千人抗議，與數百名警力對峙。場內國民黨團一早即鎖定16日在表決民進黨團提案停止審查時，民進黨民意代表陳瑩不在場卻投同意票，表決有作票嫌疑的議題，要求停止投票。 臺立法機構負責人游錫堃卻徑自宣佈展開投票，引爆藍營怒火，藍綠雙方在會場內爆發嚴重肢體衝突，開票時水球滿天飛，現場驚叫連連。 藍營支持者也在場外集結聲援，多次衝撞臺立法機構側門，有人登上宣傳戰車高喊“拒絕酬庸、退回提名、下架陳菊”。隨投票接近尾聲，國民黨主席江啓臣率領黨團民代站到場外抗爭第一線，江啓臣表示，民進黨在立法機構已居人數優勢，卻連表決程序都要作票，痛斥“民主已死”。 在民進黨團人數優勢下，包含陳菊等27人名單全數過關。臺媒報道稱，蔡英文將實質掌控臺行政、立法、考試、監察以及所謂的司法機構大法官主導權，邁入真正的完全執政。 臺灣《聯合報》發文指出，相較於馬英九時期提名的臺監察機構人事，政黨色彩相對較淡，陳菊卻是民進黨當今重要黨派人士，即使宣佈退黨，但她過去強烈的民進黨人色彩，試問何者更能超越黨派？未來是否能保持中立性更易被質疑。（中國臺灣網 李寧）,red
台媒：解放军军机沿“海峡中线”飞行，来回至少6趟,臺媒稱解放軍軍機17日沿“海峽中線”飛行，來回至少6趟。（圖片來源：臺灣“中時電子報”） 中國臺灣網7月18日訊 爲期5天的臺軍“漢光36號演習”實兵科目於17日落幕，臺灣《中國時報》報道稱，當天一架解放軍軍機自福州出海，沿所謂“海峽中線”來回飛行，疑似進行偵察任務。臺“空軍司令部”聲稱，演習前已做好相關電子參數管制措施，沒有泄密的疑慮，並稱演習期間解放軍軍機持續出海蒐集相關情報，但未越過所謂“海峽中線”。 根據一款提供實時航班飛行狀況的應用數據顯示，一架解放軍電子偵察機17日上午從福州一帶出海，隨即沿所謂“海峽中線”以西，南北向不斷飛行，來回至少6趟。 此外，報道稱，臺軍“漢光演習”14日執行“夜間防空攔截作戰”課目，測驗空軍官兵夜間應變作爲，當晚該應用也顯示，一架飛機沿所謂“海峽中線”以西來回巡邏，最後返降福州。15日，臺軍在臺灣東南海域進行“海空聯合操演”過程中，兩艘解放軍電子偵察船靠近蘭嶼海域，臺軍分析稱，是爲了蒐集臺軍在屏東九鵬基地外海演練“濱海決勝”演習的各項參數。臺海軍錦江級巡邏艦對解放軍偵察船進行了“電子干擾和監控”。 針對民進黨當局企圖以武獲“獨”、以武拒統，國臺辦發言人馬曉光曾表示，以武拒統，死路一條。國防部新聞發言人吳謙也明確強調，任何煽動兩岸敵意、渲染兩岸對抗的行徑，都只會給臺灣同胞帶來災難。解放軍有堅定的意志、充分的信心和足夠的能力維護國家主權和領土完整。（中國臺灣網 李寧）,red
台陆委会宣称驻港代表无法赴任因港府增加政治条件，被批“刷存在感”,【環球網報道】臺灣親綠媒體《自由時報》7月16日援引消息稱，港府要求臺北駐港代表處簽下支持“一箇中國”的承諾書，以此換取駐港代表簽證。臺灣陸委會昨天（16日）在記者會上未證實此消息，但聲稱，駐港代表無法赴任，是香港在“換文”內容中增加額外“政治條件”。對此，有網友批評稱，“臺獨分子，只會在島內叫囂！”“陸委會已經6年沒事做，如今連香港都不來往。只能刷存在感，養肥貓。”報道稱，臺北駐香港經濟文化辦事處(臺灣稱陸委會香港辦事處)處長盧長水原定2018年7月赴港就職，但港府至今未核發工作簽註。報道還引述消息稱，日前，代理處長高銘村工作簽證到期申請延籤時，港府要求臺北駐港代表處簽下“一中承諾書”。在臺陸委會7月16日舉行的記者會上，陸委會主委陳明通被問到盧長水已逾兩年無法到任的問題，他聲稱，無法派駐香港辦事處長，是香港在“換文”內容增加額外“政治條件”，臺方無法接受。《自由時報》說，陳明通所說的換文內容中增加額外“政治條件”，是指有消息稱港府以臺駐港代表處簽署“一中承諾書”，以換取駐港代表的工作簽證。有網友在臺媒評論區留言批評，“是你先增加政治條件”，“陸委會已經6年沒事做，如今連香港都不來往。只能刷存在感，養肥貓。應該早點裁撤陸委會，裁撤肥貓。”還有人表示，“臺獨分子，只會在島內叫囂！”臺灣《聯合報》曾報道稱，陸委會在港辦事處的官方駐地名稱爲“臺北經濟文化辦事處”，專責處理臺、港關係相關事務。在2011年7月15日前，是以“中華旅行社”名義運作，後來改成“臺北經濟文化辦事處”。據陸委會香港辦事處官網介紹，它包括幾個部門：“服務組”負責臺灣“護照”申請、申換、補發及文書驗證以及大陸和港澳人士申請赴臺灣入境證、網籤領證事項等；“經濟組”負責臺港經貿、投資及商業往來之推廣及查詢事項；“新聞文化組”負責臺港新聞發佈、文化交流事務之聯繫與交流。此外還有“聯絡組”和“綜合組”。據臺灣《經濟日報》此前報道，在馬英九時期，港府核發臺駐港代表簽註約兩三週，過程相當順利。而在2000年陳水扁上臺之前，也曾發生過駐港代表“派不出去”的窘境，當時獲派駐港的張良任工作籤被卡長達13個月。,red
才翻艇、又坠机，台媒：今年“汉光演习”伤亡最惨重,【環球網報道 記者 尹豔輝】16日下午，一架參與“漢光36號演習”的OH-58D直升機墜毀於新竹軍機場，導致2名飛行員喪生。臺灣《聯合報》稱，連同7月3日臺“海軍陸戰隊”翻艇事故，導致2名官兵死亡、1人昏迷，今年是“漢光演習”傷亡意外最慘重的一年。報道稱，今年“漢光演習”的聯合兩棲登陸操演，海軍陸戰隊九九旅步二營六連搭乘突擊膠舟搶灘登陸，兩舟在距岸邊約150米處翻覆，造成2死1重傷。報道還提到此前的“漢光演習”曾出現的傷亡情況，包括2018年“漢光34號演習”，傘兵秦良豐在跳傘降落清泉崗時，因爲主傘、副傘均未全開而落地重傷；一架F-16扮演防空演習假想敵機，飛越基隆港上空後撞山，飛官吳彥霆殉職。2017年，陸軍五六四旅一輛CM11戰車在恆春三軍聯合基地進行“聯勇”操演卻不幸翻落橋下，造成4死1傷。在更早之前，2007年，“漢光23號演習”時，臺空軍一架F-5F戰機，墜毀在新竹湖口裝甲旅基地內的新加坡星光部隊營舍中，造成4死9傷。1994年9月27日，“漢光11號演習”第二次預演，臺海軍“成功號”巡防艦在進行實彈射擊時，擊落承攬拖靶業務的金鷹航空小型噴射機，機上4人當場喪命。,red
台媒：云林一炼油厂发生火灾，浓烟数公里外可见,【環球網報道 記者 尹豔輝】據臺灣“中央社”《聯合報》等臺媒7月15日報道，臺灣雲林縣麥寮六輕工業區塑化公司煉製二廠，今天（15日）上午9時許發生意外，廠區起火，冒出大量濃煙，數公里外民衆都能看到，警方及消防單位派員到現場救援，目前無人受傷。“中時電子報”稱，雲林縣消防局15日上午9時接到民衆報案，稱六輕廠區冒出大量濃煙，立即派遣第3大隊、麥寮分隊、北5分隊人車前往現場，共有消防車輛10輛、消防人員17名。報道稱，消防人員15分鐘內抵達現場，確認爲塑化煉二廠RDSII（加氫脫硫）製程起火燃燒，目前持續撲救中。臺灣《聯合報》報道稱，通過民衆在廠區附近拍攝的視頻可見，現場火勢不小，消防隊正在撲救，鄰近管線關閉，相鄰廠房也嚴加控管，嚴防火勢擴散。,red
台法院宣判一假币案 面额超千万美元,中新社臺北7月14日電 臺灣新北市地方法院14日對一宗假幣案進行宣判，該案涉及假幣面額超過1092萬美元。據聯合新聞網報道，被告廖學鯤當庭認罪，依製造有價證券罪獲刑3年10個月，協助販售假幣的謝文環等4人分獲1年至2年8個月不等刑期。全案可上訴。判決書顯示，廖學鯤原在新北市開設印刷廠，自2008年起即與自稱“樑先生”的不明男子共同印製假鈔牟利。廖學鯤2015年將4箱假鈔交給謝文環，由謝通過他人進行販售，價格爲每100張假鈔2.5萬元新臺幣至4萬元新臺幣不等。5名被告於2019年底被逮，案件破獲時共查扣超1092萬美元的假幣。還有報道引述調查人員的話指出，該批假幣制作精良。(完),red
台立法机构内爆发“蓝绿混战”：有人抢攻主席台，有人手被割伤见血……,【環球時報記者 程東】臺灣“立法院”臨時會原定14日審查“監察院長”被提名人陳菊，結果藍綠都發動甲級動員，雙方爆發肢體衝突。臺“立法院”本週處理“監察院”人事案，14日上午原定進行“總統府前祕書長”陳菊審查會，下午起至16日進行“監察委員”被提名人審查會，17日進行投票。據臺灣“中央社”14日報道，民進黨黨團從13日上午8時起就排班輪守議場正門口，嚴防國民黨突襲，國民黨黨團則在14日清晨集結在“立法院”側門分成兩路，一路原地待命，阻擋陳菊車隊進入“立法院”，另一路則到議場前。7時“立法院”議場正門打開，藍綠展開搶攻主席臺大戰，發言臺、備詢臺、質詢講臺，都被弄得亂七八糟。7時多，陳菊在民進黨“立委”的護送下進入議場。因現場混亂，雙方推擠時，國民黨“立委”費鴻泰的手被玻璃割傷見血，民進黨的鐘佳濱、王定宇等人也掛彩。因國民黨佔據主席臺，會議無法進行。上午9時許，臺灣民衆黨“立委”也進入議場聲援，他們自備巨型海報，上面貼着封條。上午11時許，陳菊仍無法上臺接受“立委”詢問，最後在民進黨“立委”與警方的保護下離開。國民黨主席江啓臣稱，陳菊擔任“勞委會主委”時發生高捷泰勞暴動事件、任高雄市長時氣爆案善款被挪用在不當地方，這些難道都不影響她未來擔任“監察院長”？陳應就這些過去被“監察院”調查的事情正面說明，今天逃避就“凸顯心裏有鬼”。在“立法院”外，國民黨發動支持者抗議，被警方以沒有申請路權爲由阻擋，雙方爆發激烈衝突。據悉，國民黨同時鎖定週五“立法院”行使同意權當天，也發動千人包圍“立法院”行動。臺灣《中國時報》14日評論稱，在民進黨多數優勢下，預計“立法院”本週五應該可通過人事案。所謂“菊系”幾乎滿布“內閣”、銀行和公營事業等，“陳菊面對昔日下屬，有沒有利益迴避問題？”臺灣《聯合報》評論稱，“監察院”人事案在蔡英文力挺下，陳菊出任“監察院長”已成定局，不過，讓陳菊難堪的是“監察院”調查報告曝光，3億多元善款被恣意挪用，“此刻最矛盾的恐怕是百般護航陳菊的民進黨人吧？”,red
“空战”优势渐失 柯文哲备战2024强化“陆战”组织,臺北市長柯文哲與妻子陳佩琪。（圖片取自臺媒） 中國臺灣網7月12日訊 據臺灣《聯合報》報道，臺北市長、臺灣民衆黨主席柯文哲日前在電視節目專訪中，對2024年臺灣地區領導人選舉一事首度明確表態，稱還是照這樣準備，準備參選。民衆黨民意代表蔡壁如表示，2020纔剛過一半，談2024時間還太早，不過民衆黨會持續透過地方選舉，深入瞭解民意。民衆黨人士分析，在年輕族羣、網絡宣傳等原本強項逐漸失去優勢後，發展地方組織穩紮穩打會是柯文哲問鼎2024“鴨子划水”的策略之一。 近來，不論是高雄市長補選還是屏東縣崁頂鄉長補選，民衆黨皆派人蔘戰。蔡壁如表示，深入地方選戰是練兵也是學習，透過小地方選舉能夠了解基層。民衆黨人士指出，柯文哲網絡聲量確實有衰退趨勢，不利於角逐2024，年輕族羣支持度亦有減少。總體而言，網絡聲量本來就有起有落，不容易長時間維持高點，補救“空戰”之餘，發展更可靠的“陸戰”、即經營地方組織也要同步進行，這不僅擴大民衆黨基本盤，也是爲柯文哲選2024做準備。 不過，柯文哲的妻子陳佩琪並不看好柯文哲參選2024。她近日在社交媒體發文，稱在臺灣要選得上，要有網軍、“東廠”、媒體、名嘴、側翼、網紅等資源，還要有“前瞻、風電、紓困、振興計劃才行”。她感嘆，柯文哲什麼都沒有，“要跟人家選什麼？” 此外，民衆黨即將創黨一週年，預計8月2日召開黨員大會，卻面臨報名人數不足的問題，外界認爲不利於柯文哲未來選舉之路。蔡壁如11日對此迴應，可能是信息沒有傳出去，呼籲大家一起來。（中國臺灣網 李寧）,red
吓阻台生“登陆” 民进党安的什么心？,7月正是畢業升學季，海峽兩岸學子們忙考試、忙申請，都在爲更好的前程而奔波。臺灣陸委會也沒閒着，逮着這個節點蹭一把熱度。他們在社交平臺發出所謂的“赴陸就學你不能不知道的8件事”，藉此恐嚇島內赴大陸求學的學生。不用說，民進黨當局又作妖了。 爲了嚇阻島內學生“登陸”求學，陸委會還真的是“用心良苦”。他們在貼文裏“暖心”地寫到，學海無涯，年輕學子對於異地求學總是充滿許多想象，提醒想要赴陸求學的同學們，一定要看完小編整理的“懶人包”（經過特意剪輯的資料彙總），“仔細思考”後再做決定。而點開鏈接後，網友們看到的全是抹黑污衊大陸的言辭，包括從大陸赴歐美深造變困難、校園及日常生活受監控、畢業後謀職不容易等。有島內網友諷刺說，陸委會美其名曰讓同學們仔細思考，實際就是想講，“大陸很糟糕，你們別去了！”但這種污衊之詞實在讓人看不下去，簡直要忍不住“爆粗口”。 在大陸求學、工作好不好，在陸臺生、臺青最有發言權。根據筆者的瞭解，在陸讀書的臺生感覺大陸高校課堂氣氛活躍、同學們眼界開闊、課外活動豐富，也有許多機會參加國際會議、去世界500強企業實習。畢業後留在大陸發展的不少臺青覺得大陸市場大、機會多，許多人都找到了比臺灣薪水更高、發展前景更好的工作機會。加上大陸連續出臺惠及臺胞的31條、26條等同等待遇政策，臺胞們在大陸生活越來越便利，越來越有獲得感。 這時再看看陸生們在臺讀書時的“三限六不”、在課堂和社交媒體上表達不同意見就被言語霸凌的情形、迄今仍因民進黨當局藉口防疫不讓回臺的狀況，誰的權益更受保障，誰的發展更有舞臺，更是不言而喻。 臺灣島內政治嚴重對立、社會嚴重撕裂，經濟一籌莫展、年輕人持續陷入低薪狀態，不少人都感覺前景渺茫。民進黨當局還把鬥爭黑手伸進校園，爲了一己私利擱置臺大校長任命達1年半之久，嚴重干擾高校的學術自由，影響學校的教學和科研。如今看看世界知名大學排行榜裏大陸高校的位置，再看看臺灣高校的位置，家長和學生們心裏自然有一杆秤，會作出公允的評判。良禽擇木而棲，人才更往高處走。如果臺灣的發展環境更好，大家就不會用腳投票，還需要陸委會假惺惺的一番“好言相勸”嗎？ 爲了阻撓臺灣學子“登陸”升學，近年來民進黨當局動作頻頻。他們又是“關切”赴大陸升學人數較多高中學校的校長，又是突擊更改考試計分政策讓臺生申請大陸高校受阻，還揚言對陸方教育機構在臺播放廣告的行爲開罰。凡此種種，不一而足，都是私心作祟。 在陸委會發布的“懶人包”裏，民進黨當局大肆鼓吹臺灣的“自由民主”“多元價值”，既如此，那又爲何不讓臺灣學生多出去看看，感受外面的發展與不同的風景呢？如果臺灣競爭力夠強、民進黨當局塑造的價值觀夠有說服力，他們又何必擔心臺灣學子“登陸”發展對民進黨自身不利呢？可見，民進黨當局有多心虛，他們有多害怕，怕的是自己在島內一貫的說教和抹黑，在青年們走出去之後，“原形畢露”了。 由此看來，這纔是民進黨當局阻撓臺灣青年“登陸”求學、發展，破壞阻撓兩岸教育交流的真正理由。然而，謊言騙得了一時，騙不了一世，這樣的道理，民進黨難道不明白嗎？！,red
演习前台军覆艇事故造成两人死亡，台“汉光”军演在阴影中开始,【環球時報記者 程東】臺軍“漢光36”號演習從13日起展開5天4夜的實兵實彈操演，計算機兵棋推演則於9月14日至18日實施連續24小時對抗演練。不過，幾名士兵的死亡給這次演習蒙上陰影。據臺灣聯合新聞網12日報道，“漢光”實兵演練的首日，臺“國防部”將依例模擬解放軍來襲、實施戰力防護及保存，西部戰機將進駐花蓮佳山基地、海軍艦艇緊急出港等，後續在全臺各地實施“濱海決勝”海空射擊、反登陸反空降反特攻，包括臺北港反擊在內的淡水河防演練、後備編成等演練課目。尤其值得關注的是“戰力防護”，即持續精進空中兵力戰備轉場、海上兵力機動疏泊及重要目標防護，地面部隊除運用涵洞、工廠、地下室、橋樑及大型賣場等民間建築，借“疏散、僞裝、機動、隱蔽、掩蔽”等措施實施戰力保存外，運用“中科院”研製的新式防近紅外線僞裝網等，強化戰力防護。操演的重頭戲是16日在臺中甲南海灘舉行的聯合反登陸操演，屆時將由新編成的聯合兵種營參演。當天各作戰區也有相關反登陸操演實施，但規模較小，也謝絕媒體採訪，焦點集中在蔡英文在甲南海灘的視察。此外，爲模擬包括正副領導人在內的重要首長遭“敵方”劫持，及當局重要機關遭“敵方”攻入，15日將首度由“憲兵指揮部”協調“警政署”“海巡署”派出甲種特勤隊出動演練，演練地點不侷限在“總統府”周圍，而是在不同地形、不同地方演練。聯合新聞網評論稱，“漢光”演習是臺軍年度大事，所有部隊都被動員，課目大多不公開。一般大衆對其印象來自領導人帶着媒體在現場視導的“主秀”。劇本中，“敵軍”開場奪下某據點，其後就毫無增援與作爲，等着被臺方優勢兵力“屠戮”，“這麼超現實的想定，主要是配合三軍統帥，卻也最脫離現實的章節”。“漢光36”號實兵實彈演習前，海軍陸戰隊在操演時發生覆艇意外，造成兩人死亡。因此16日在屏東舉行的聯合登陸作戰操演，取消突擊艇向陸登岸課目，改由AAV7兩棲突擊車演練。臺“國防部”智庫“國防安全研究院”發佈的報告稱，海軍陸戰隊曾一度因臺灣戰略轉爲守勢作戰差點被裁撤的這段歷史，在這次意外發生後被重提，陸戰隊的重要性、必要性成爲關注焦點。《聯合報》評論稱，繼“參謀總長”沈一鳴墜機失事身亡，時隔半年，海軍陸戰隊發生導致兩死的翻覆意外，一名教官疑因自責在營中自縊身亡。在此紛亂之際，曾任職“國安會”的民進黨新秀吳怡農質疑兩棲登陸對臺灣毫無必要，列入“漢光”演習純屬作秀。這種現象，反映了臺灣內外面對的社會、心理與戰略上的三層紛亂。文章稱，一旦戰火猝然來襲，可能根本措手不及。,red
台湾6月出口“四连黑” 对大陆出口创新高,臺灣6月出口“四連黑”。（圖片取自臺媒） 中國臺灣網7月8日訊 綜合臺媒報道，臺當局財政事務主管部門7日公佈，臺灣6月出口金額爲271.3億美元，較去年同期減少3.8%，連續4個月負增長；進口金額爲222.9億美元，較去年同期減少8.6%。大陸仍是臺灣最大出口市場。 臺灣6月主要出口市場中，對大陸和美國出口創新高，對歐洲、東盟出口仍未有起色。其中，對大陸出口金額達125.2億美元，創歷年同月新高，同比增長13.8%，佔臺灣總出口46.15%。大陸持續位列臺灣地區最大出口市場。臺灣6月對美國出口金額同比增長3.7%，對歐洲和東盟出口分別同比減少18.2%和12.1%，均已連續3個月雙位數下滑；對日本出口由上月的同比增長轉爲同比減少11.2%。 臺當局官員分析認爲，大陸復工較早等是致使臺灣6月對大陸出口大增的原因。 今年1至6月，臺灣累計出口1580.2億美元，年增0.5%；進口1366.7億美元，年減0.4%。出口部分，對大陸668.5億美元，年增9.8%；對美國229.8億美元，年增4.5%；對東盟248.9億美元，年減4.8%；對歐洲133.6億美元，年減10.4%；對日本117.4億美元，年增3.5%。 展望未來，臺當局財政事務主管部門稱，來自新冠肺炎疫情的威脅仍未解除，且近期國際疫情增溫，臺灣下半年出口仍將承受壓力。 臺當局統計部門當天也公佈，受到國際原油價格下滑等因素影響，臺灣6月消費者物價指數（CPI）比去年同期下降0.76%，已經連續5個月負增長。（中國臺灣網 李寧）,red
怕了？台海军演习翻船后，“联兴演练”取消突击舟登陆项目,據臺媒報道，臺“海軍陸戰隊”99旅在7月3日實施聯合登陸作戰訓練中，因海況驟變導致7名官兵落海，造成2死1重傷的重大事故。 臺“海軍司令部”於6日召開記者會說明調查進度，臺“海軍司令部政戰主任”孫常德表示，受此次事故影響，雖然“聯興操演”依舊照常進行，但“突擊舟登陸科目”將取消，並檢討相關強化安全措施與作爲，再決定後續作法。 孫常德表示，“漢光演習”的“聯興操演”沒有取消，聯合登陸作戰也會依照計劃進行。他強調，登陸方式有很多種，不管平時、戰時，只要不符合天候因素，就不會以駕駛戰鬥突擊艇的方式登陸，因爲登陸的方式有很多種、也有許多不同載具，也會訓練每一種方式。關於此次事故的原因，在6日下午召開“聯合登陸作戰操演意外事件調查說明”臨時記者會上，臺“海軍司令部政戰主任”孫常德表示，初步排除人爲因素及機械因素，綜合判斷海況增強、涌浪過高的環境因素是這次意外的主要原因。此前，臺“陸指部副指揮官”馬羣超對事發地點海水深度大概1.5米左右的表述，引起記者會現場一片譁然。,red
台军“汉光演习”预演意外致2人死亡，民进党智库成员：台军训练多表演需求，汉光是最大场表演,【環球網報道 記者 尹豔輝】臺軍“漢光”演習預演期間發生快艇翻覆事故，造成7名士兵落水，2名官兵喪生，負責此次訓練任務的楊姓少校，在辦公室樓梯間輕生。據臺灣“中時電子報”7月7日報道，對此，民進黨智庫“新境界文教基金會”副執行長吳怡農點出核心的問題，直言臺軍的訓練長期以來大多是爲了“表演需求”，而每年最大場表演就是“漢光演習”。報道稱，吳怡農在臉書稱，這兩天大家看到海軍陸戰隊的新聞，對於軍隊的訓練與裝備，想必有很多的疑問：爲什麼穿着救生衣仍會溺水（不管水深1.5米還是更深）？他們身上的裝備是否符合需求？有沒有水中卸裝和緊急狀況排除的訓練？有沒有戰場急救的訓練、互相救援的能力？他又說，只要實施訓練就會有風險，訓練更應該符合現實需求。吳怡農說，我們的弟兄姊妹不應該冒無謂的風險，而這帶出一個核心的問題，臺軍首要任務是防衛臺灣，爲什麼陸戰隊在操演“聯合登陸作戰”，要登陸去哪裏？如他所屬的特戰傘兵，要搭C130運輸機跳去哪裏？預想的任務，是合理的嗎？吳怡農說，臺軍的訓練，長期以來大多是爲了“表演需求”，漢光演習就是每年最大場的表演，與防衛作戰可能面臨的真實情境有很大落差，只要順利完成表演、畫面好看，就算是達成任務，但只要操演持續爲了作秀，而沒有實際的防務用途，訓練與裝備就不可能完全到位。吳怡農批評稱，這是多年來的壞習慣，但到現在還沒看到真正的改變，不知道還要浪費多少時間、資源、甚至生命，民進黨當局才願意面對這個問題。據媒體此前報道，臺“海軍陸戰隊”99旅步二營3日上午在桃子園海灘執行“聯合登陸作戰操演訓練”時，一艘“操演用突擊橡皮艇”翻覆，艇上7人落海，其中3人無大礙，4人被送往臺軍高雄總醫院左營分院。4人中1名女士官輕傷住院，另外3人一度失去生命跡象。5日凌晨1時19分，臺軍高雄總醫院左營分院發出消息表示，“本院收治陸戰隊蔡博宇上兵（即上等兵，臺軍軍銜）於7月5日0點36分，家屬同意放棄急救，宣告死亡。”同日，又有一名陳姓士官不治身亡。此次訓練是臺軍將於13日舉行的“漢光演習”的預演。臺灣每年舉辦的“漢光演習”此前已經多次發生事故，在最近幾年更是每年都有士兵死傷的情況出現。對於“漢光演習”，軍事專家宋忠平此前對《環球時報》記者表示，“漢光演習”實際上根本不是演習，而是演戲。是臺當局演給民衆看的，並不具備實戰意義。近年來臺灣兵源嚴重缺乏，武器裝備也大多是老舊的二手貨，臺軍官兵也不想打仗，不知道爲誰而戰，因此“漢光演習”多次發生事故。“漢光演習”對於蔡英文來講只是一場作秀。,red
2名台军淹死地点水深1.5米！台媒当场哗然,據臺“海軍”通報，7月3日臺“海軍陸戰隊”致2人死亡的翻船事故，事發地水深僅1.5米。消息一出，現場記者譁然。有記者詢問“站起來就好了麼”？ 據臺媒報道，7月3日，臺“海軍陸戰隊”在高雄桃子園海灘演訓期間發生橡皮艇翻船事故，造成7人落海，4人被救起後被緊急送醫搶救，最終2死1重傷。 臺“海軍司令部”6日下午召開“聯合登陸作戰操演意外事件調查說明”臨時記者會， 臺“海軍司令部政戰主任”孫常德在記者會上表示，初步排除人爲因素及機械因素，綜合判斷海象增強、涌浪過高的環境因素是這次意外的主要肇因。 在記者會上，有媒體詢問，橡皮艇上官兵身上穿着的裝備是否影響掙脫？或有官兵被艦艇擊中、導致無法做出反應？臺“陸指部副指揮官”馬羣超迴應稱，因有人自行着裝游上來，調查小組已詢問所有人員，可以確認“救生衣、氣瓶作動都正常”，而防護背心本身可以自主漂浮，就算海象惡劣，也不會影響逃生。 至於死亡因素，馬羣超則說，應該排除外力撞擊可能性，可能是下水一剎那嗆水，但沒有被外力擊中，頭部沒有這個狀況。馬羣超同時也否認救援不及時的說法，稱當時海上兵力都在同一片海面上，很快到達現場，不太可能有救援延誤的狀況。 至於事發地點海水深度，馬羣超說，水深大概150釐米，而這一說法也引起記者會現場一片譁然。有記者詢問“站起來就好了麼”？ 馬羣超則迴應道，如果救生衣有作動、有浮力抗板，是有可能站不起來的，因爲救生衣是讓你漂、不是讓你站在那。孫常德還補充說，那邊是沙岸，每個位置深度不太一樣，馬羣超的意思是裝備打開時人沒辦法垂直站立，一定是浮在水面的。 ,red
“台独”强势促统？台媒：大陆不断出招，“台海边界”模糊,“臺獨”強勢促統？臺媒：大陸不斷出招，“臺海邊界”模糊。（圖片來源網絡） 近來，臺海局勢緊繃。臺灣《中國時報》評論指出，520之後，大陸軍機到臺海上空如同逛自家廚房，很明顯，大陸應對民進黨當局的策略又進到新階段，在軍事上，意圖讓兩岸的“臺海邊界”模糊化，在政治上，則是一中清楚化，逐漸沒有模糊空間。 解放軍軍機頻繁出現在臺海上空，自然跟美國宣佈“印太戰略”後，軍事上也打“臺灣牌”，美機美艦來刷存在感有關。大陸方面必須要隨之增加軍機“擾臺”次數，以宣示主權與警示“臺獨”。 評論表示，解放軍軍機繞臺方式，包括多次飛過所謂“海峽中線”、進入臺灣西南所謂“防空識別區”等。一方面以軍事行動讓一箇中國原則打破兩岸原本具體存在的“邊界”，擴大其軍機活動範圍。 另一方面，臺媒分析，藉由頻繁繞臺行動，臺灣軍機也須頻繁升空，大陸方面則可通過電子偵察等方式，摸索臺軍每次的戰術動作，以大數據來分析臺灣的接戰準則。 評論指出，在政治上，當民進黨棄之“九二共識”而不顧，而國民黨則被民進黨牽着走，大陸方面也沒有“擱置爭議”的理由。“臺海邊界”模糊化和一箇中國原則的清楚化，大陸不斷主動出招，臺灣只能被動以對，當綠營的兩岸政策只有守勢，等於把決定權拱手讓給大陸，只要一有破綻，必被攻破。 此前，針對美國軍機飛越臺灣一事，國臺辦明確指出，美軍機飛越臺灣，損害我主權、安全、發展利益，違反國際法和國際關係基本準則，是一起非法行徑和嚴重挑釁事件。我們對此表示強烈不滿和堅決反對。民進黨當局勾結外部勢力侵犯中國主權安全，破壞臺海和平穩定，禍患島內民衆安全福祉。我們對此表示強烈譴責。 與此同時，國臺辦強調，我們有決心、有意志、有能力堅決維護國家主權、安全、發展利益。我們嚴正警告民進黨當局不要誤判形勢，不要低估全體中國人民維護國家主權和領土完整的堅強意志和堅定決心，立即停止上述行徑。（中國臺灣網 高旭）,red
刚起跑，就跌倒！民进党当局“三倍券”没挺过10分钟,剛起跑，就跌倒！民進黨當局“三倍券”沒挺過10分鐘。（圖片來源網絡） 受新冠肺炎疫情影響，臺灣“悶經濟”雪上加霜。臺當局發展事務主管部門29日公佈，5月臺灣景氣對策信號再度亮出代表景氣趨弱的“黃藍燈”，綜合判斷分數爲18分，較上個月減少1分，這是自今年3月以來連續3個月亮“黃藍燈”。 爲提振經濟，挽回頹勢，民進黨當局提出刺激經濟消費券政策，過程幾經波折，最後確定爲“振興三倍券”。雖然在野黨及臺灣民衆多次呼籲民進黨當局能夠直接發放現金，但民進黨方面仍“力排衆議”，堅持推出規則複雜的“三倍券”。 所謂“三倍券”指的是，臺灣民衆可以花1000元（新臺幣，下同）來購買價值3000元的振興券，用來消費。聽起來很不錯，但問題在於領取手續和流程非常麻煩，且消費項目限制極多。 7月1日，“振興三倍券”正式開放預購（是的，你沒聽錯，買券還得提前預約），不過預購窗口開啓不到10分鐘，官網就崩潰了，引發大批網友抱怨。 對此，負責這塊業務的民進黨官員在PTT上回應，“原本設計綁定和預購子系統就是分開處理的，一直都很順利。”該官員表示“一切OK”，但系統當機是事實。這樣自相矛盾的邏輯讓不少網友聽出一臉黑線。 臺灣《中時電子報》評論指出，老實說，民衆哪裏會管系統怎麼樣設計，重要的是安全、方便、快速、好用就好，解釋那麼多專業術語意義不大。 民進黨當局經濟部門官員則解釋，系統出槌是因爲民衆預購太過熱烈，早上9點預購開跑後，前半小時內，每分鐘都涌入數千件申請案。臺媒質疑，如果所言爲真，那當局的計算機系統也未免太遜了吧！看看民間的計算機售票系統，在販售熱門演唱會門票時，秒殺的程度往往比三倍券還要超過許多！ “三倍券”政策從醞釀到草案，再到推動，可謂“一路火花帶閃電”，吐槽、反對之聲不絕於耳。如今一上路就出問題，更加凸顯民進黨行政團隊的自負、傲慢和不專業。有臺灣網友吐槽“發錢都發不好”，這樣的當局還能對它有何經濟期待！（文/關其行）,red
民进党只顾“大菊”，心无大局,民進黨只顧“大菊”，心無大局。（圖片來源網絡） “髮夾彎”這個詞，對於經常關注島內動態的網友來說不算陌生，意思類似於“朝令夕改”。自從民進黨上臺執政後，“髮夾彎”簡直快要成爲民進黨的“專有名詞”了。這不，近期，民進黨“髮夾彎”又添一例！ 早在民進黨在野之時，綠營人士就屢次提出要廢掉“考試院”和“監察院”，但轉回身自己上臺，卻發現這兩個雖然沒有什麼必要存在的機構，卻是個“酬庸”的好地方。 不過民進黨方面似乎不甘於將“監察院”變成“平庸”機構，有意讓其成爲政治鬥爭中的一環。鐵證就是讓揹負數十件案子的前蔡英文辦公室祕書長陳菊，來做“監察院”的“掌門人”。 陳菊作爲“綠中之綠”“獨中之獨”資深民進黨大佬，坐鎮“監察院”，就是要把獨立機構變“斬首機構”，以監察之名，行東廠之事，替民進黨進一步掃清政治障礙。 也因此當民進黨當局的“監察院”人事名單出爐後，招致島內一片罵聲。6月初TVBS民調，就顯示陳菊任“監察院長”僅27%民衆支持，39%民衆反對。 日前，國民黨發動佔領議場活動，抗議此事。國民黨方面原本計劃要佔3天3夜，但最終僅在不到20小時後，就遭到民進黨方面的暴力清場。 對於這次國民黨佔議場，許多輿論大加嘲笑國民黨，尤其以民進黨和綠營覺青笑得最大聲。臺灣《中時電子報》評論指出，如果國民黨這次佔領真這麼不堪，這麼不得社會人心，民進黨何必急着暴力清場？急着結束整個活動？何不放着讓“藍委”自己難看就好？ 這就證明，民進黨口口聲聲“護菊”，捍衛陳菊的絕對偉大光榮正義性，內裏卻是對陳菊的社會認同度並沒有這麼大的信心。 對於此事，臺灣地區領導人蔡英文30日受訪時仍然堅稱，在提名的時候已經向社會各界說明，這張名單上有很多長年來實現社會正義價值、傑出、受到尊敬的人士。看來民進黨又要再一次“強度關山”，“顧全大菊”了。（文/關其行）,red
面对ECFA 民进党难道不觉得脸疼吗,昨批“糖衣毒藥” 今呼“不要終止” 面對ECFA 民進黨難道不覺得臉疼嗎 6月29日是《海峽兩岸經濟合作框架協議》（ECFA）簽署10週年的日子。臺灣地區前領導人馬英九當天髮網文表示，當初兩岸簽訂ECFA，時任民進黨主席的蔡英文揚言一旦執政將發動“公投”廢止，“如今蔡英文敢片面終止ECFA嗎？” 民進黨當局已用行動回答了馬英九，其經濟部門和陸委會近日先後呼籲大陸不要終止ECFA。對此，島內輿論認爲，民進黨當局欠兩岸一個解釋：爲何當初瘋狂抹黑ECFA，發動“太陽花”運動擱淺ECFA後續協議，如今卻要坐收紅利？ECFA是在“九二共識”基礎之上籤訂，如今民進黨當局拒不承認“九二共識”，又憑什麼要求大陸延續ECFA？ 島內業者擔心ECFA終止 馬英九表示，ECFA簽訂後，臺灣石斑魚的年產值，6年內從38億元（新臺幣，下同）增加到84億元，躍居世界第1位。他近日參觀高雄彌陀區龍膽石斑魚、鱸魚、草蝦的養殖場，業者非常擔心ECFA會不會在10週年時被終止，斷了石斑魚出口大陸之路。 跟高雄漁民有同樣擔憂的島內人士不在少數。臺塑集團總裁王文淵近日以臺灣紡織業拓展會董事長的身份挺身號召21家公會力挺ECFA。他表示，臺灣紡織業發展關鍵在大陸，ECFA不可或缺。 臺南市議員吳禹寰近日表示，ECFA若終止，未來臺灣輸往大陸的菠蘿及傳統產業製品，將課徵12％關稅，菠蘿產業可能崩盤，傳統產業也將受到嚴重衝擊。 ECFA於2010年6月29日簽署，同年9月12日生效。依據世界貿易組織（WTO）諒解備忘錄第24條規定，合理期限只有10年。ECFA第16條規定：一方終止本協議，應以書面通知另一方，如協商未能達成一致，則協議自通知方發出終止通知之日起180天終止。 民進黨翻臉如翻書 由於民進黨擱淺了ECFA服貿協議，擋掉了貨貿協議，致使ECFA的主體部分未能生效，而只生效了包含539項臺灣工、農產品的早期收穫清單。儘管如此，ECFA也已經給臺灣帶來巨大好處。 海協會會長張志軍近日介紹，截止到2019年9月底，ECFA貨物貿易早期收穫產品，大陸對臺累計減免關稅約388.8億元人民幣。從2010年到2019年，早收清單中臺灣對大陸出口農產品的增長超過了2倍，大陸已成爲臺灣農產品外銷第一大市場。 ECFA簽訂前後，民進黨對其百般污衊阻撓，稱這是“走向中國”“包着糖衣的毒藥”“喪權辱國的不對稱條約”，會“害死臺灣經濟”，揚言未來民進黨一旦執政，就會發動“公投”廢止ECFA。然而，民進黨當局上臺4年多來，卻好像忘了有這碼事，對ECFA的態度出現了明顯的“髮夾彎”。 之所以這樣，就是因爲ECFA對臺灣有利，若終止將給中小企業帶來巨大沖擊。馬英九說，幾十年來一向是大陸出超3億美元的兩岸農產品貿易，6年前就開始逆轉，臺灣出現1000萬美元的順差，逐年增加，就是拜臺灣農漁產品大量外銷大陸之賜。他質問，“蔡英文敢犧牲這麼多民衆的權益，片面終止ECFA嗎？” “兩岸脫鉤論”露馬腳 兩岸關係因民進黨上臺而急速冰封，但兩岸貿易持續熱絡。據統計，兩岸雙邊貿易佔整體進出口比率居高不下，臺灣對大陸出口至2018年創下新高1379億美元，2019年雖受美中貿易衝突影響，也達1321億美元；10年來，大陸佔臺灣整體出口市場比率平均高達4成。 民進黨一向主張兩岸“脫鉤論”，在野時批評國民黨令臺灣“太依賴大陸”，不應“從世界走向中國”，而應“從中國走向世界”。上臺後則推動“新南向政策”，鼓動臺商“迴流”，力圖在經濟上遠離大陸。新冠肺炎疫情期間，島內綠營“趁疫脫鉤”之聲甚囂塵上。但一個ECFA議題，就讓民進黨馬腳畢露，原來所謂的“兩岸脫鉤”，根本是逞口舌之快和騙人的把戲。 臺灣淡江大學中國大陸研究所教授潘錫堂撰文指出，民進黨當局近期炒作“大陸可能終止ECFA”議題，稱大陸可能借由終止ECFA來“窒息臺灣經濟”“轉移疫情焦點”，實則是搶先製造恐慌、“仇中”情緒，爲自己“甩鍋”預做準備。 大陸一貫全力支持兩岸經貿往來，自然希望ECFA在條件許可時得以延續。張志軍近日表示，“ECFA得來不易，相信兩岸同胞都不希望看到這一重要成果得而復失”。國臺辦發言人馬曉光早前回答相關提問時則表示，大陸切實履行承諾，保障ECFA順利生效實施，“誰在爲兩岸同胞和兩岸業者謀福祉，誰爲謀取政治私利而損害兩岸同胞和兩岸業者的利益，一目瞭然”。 ECFA能否繼續生效，關鍵還在民進黨當局的表現。國民黨孫文學校北院院長林定芃表示，ECFA設有隨時叫停機制，若民進黨當局繼續激化兩岸對立，ECFA的確存在隨時被叫停的可能。 馬英九表示，臺灣能跟大陸籤ECFA，是因爲兩岸之間有“九二共識”的政治互信。民進黨當局反對“九二共識”卻要ECFA，是自相矛盾。他呼籲蔡英文：“只要有利於臺灣，面對‘九二共識’，再一次‘髮夾彎’又何妨？” 王 平 ,red
38.9摄氏度 台北现124年来同期最高温,38.9攝氏度 臺北現124年來同期最高溫 新華社臺北6月29日電（記者吳濟海、傅雙琪）臺灣氣象部門觀測顯示，29日午後臺北市氣溫升至38.9攝氏度，創臺北氣象站設站124年來6月的最高溫紀錄。 氣象局分析，因太平洋高壓及西南風沉降影響，全臺當天都是晴朗炎熱天氣。臺北因盆地效應，下午1時15分，氣溫飆升到38.9攝氏度，是臺北測站設站以來的6月最高溫。 中午時分，記者在臺北市區戶外明顯感受到熱浪襲人，路邊行人不多，不少人打着遮陽傘防曬降溫。 當天，新北市、新竹縣、臺中市、彰化縣、高雄市午後氣溫都超過36攝氏度。氣象部門發佈13縣市高溫燈號。 ,red
【聊点台湾腔】强行“屏蔽”大陆剧，民进党在慌什么？,近年來，大陸熱播劇、綜藝節目在臺灣島內人氣迅速攀升。數據顯示，愛奇藝臺灣站2019年全站流量衝破17億。地鐵上、餐廳裏、馬路邊，時常能看到臺灣民衆用手機、平板電腦觀看大陸影視劇，還會發彈幕和大陸網友互動。 本是兩岸民衆人文交流的好事。可是，島內有些人卻慌了。近日，民進黨當局“通訊傳播委員會”盤查島內5大有線電視業者，確認他們已與大陸的愛奇藝、騰訊等大陸公司終止合作，還要求確保大陸影音平臺“已下架”。 槍口對準大陸影音平臺，恰恰說明戳到了一些“獨”派分子的痛處。 隨着大陸影視劇產業的蓬勃發展，除了古裝歷史劇，不少優質現代劇也廣受臺灣民衆好評。去年熱播的《都挺好》中的親子關係，讓不少臺灣觀衆看到自己生活的影子；今年《安家》中大城市打拼的辛酸也讓“臺北漂”感同身受。相似的煩惱與喜悅，實實在在地拉近了兩岸民衆的心理距離。 但是一些人，就是見不得兩岸同胞情感溝通。爲了政治私利，把大衆喜聞樂見的文娛節目講成了“洪水猛獸”，還動用公權力強行“屏蔽”。民進黨自詡最愛自誇“臺灣軟實力”，碰到大陸影視劇怎麼開始心慌氣短了呢？ 正所謂：隻手遮天，卻不見泰山；“屏蔽”一時，卻難擋大勢！ ,red
赠台大熊猫“圆圆”在台北动物园顺利产仔(图),大熊貓“圓圓”和幼仔在一起。臺北動物園供圖 中新網成都6月29日電 (記者 安源)記者29日從中國大熊貓保護研究中心獲悉，贈臺大熊貓“圓圓”於28日在臺北動物園順利產下幼仔，目前，母女倆各項指標均正常，這是繼2013年首次產仔後，大熊貓“圓圓”第二次產仔。 據瞭解，今年1月19日，中國大熊貓保護研究中心派出專家前往臺北動物園指導大熊貓發情配種工作。經過對雄性大熊貓“團團”的各項指標監測，在當月21日對大熊貓“團團”進行體檢和採精。此後，雙方一直密切關注大熊貓“圓圓”雌激素變化，並嘗試讓兩隻大熊貓進行自然交配，但未成功。 此後受疫情影響，中國大熊貓保護研究中心專家無法赴臺指導人工授精工作，雙方一直通過遠程溝通交流，根據各項行爲指標及荷爾蒙指數值分析，分別在2月26日和27日爲大熊貓“圓圓”進行人工授精，把握住了一年一度的最佳繁殖時機。 大熊貓“圓圓”。(資料圖)中國大熊貓保護研究中心供圖 6月28日8時58分，大熊貓“圓圓”破羊水。經過5個小時的努力，終於在13:53分產下一隻幼仔，幼仔叫聲洪亮，體重186g，經專家通過互聯網遠程鑑定性別爲雌性。目前，母女倆各項指標均正常。大熊貓“圓圓”母性強，帶仔熟練，臺北動物園表示將持續密切關注大熊貓“圓圓”及幼仔的狀況。 據悉，2006年，經過公開徵名，兩隻贈臺大熊貓取名“團團”“圓圓”。2008年12月23日，來自中國大熊貓保護研究中心雅安碧峯峽基地的大熊貓“團團”“圓圓”安家落戶寶島臺灣，深受臺灣民衆喜愛。 從2008年開始，中國大熊貓保護研究中心與臺北動物園在大熊貓飼養繁育方面保持着密切的科研合作，自2011年起，中國大熊貓保護研究中心每年都會派專家前往臺北動物園，指導開展大熊貓發情配種和育幼工作。由於兩隻大熊貓多年嘗試自然交配未果，2011起開始嘗試人工授精，在雙方共同努力下，2013年通過3次人工授精，“圓圓”於2013年7月6日成功誕下首隻幼仔大熊貓“圓仔”。如今，大熊貓“圓圓”再次誕下大熊貓科研合作結晶。(完) ,red
民进党当局坚持不扩大筛检量，罗智强讽：不检验就没感染者，这防疫逻辑多荒谬,【環球網報道 記者 張麗媛】臺灣“中時電子報”27日報道稱，日本官方日前通報一名20多歲日本女學生從臺灣返國，在機場入境時進行新冠病毒檢測，結果呈陽性。消息曝光後，有專家建議臺灣施行入境廣篩。臺灣地區流行疫情指揮中心迴應稱，臺灣每日篩檢量約110件，且社區通報量也比其他地區少，目前的篩檢量已經足夠。對此，國民黨籍臺北市議員羅智強表示，“如果在草原上看到一頭大獅子，張着血盆大口撲過來的時候，要怎麼逃生呢？很簡單把頭埋進沙子，只要看不見獅子就等於獅子不存在，這是臺灣‘神級防疫’的邏輯”。羅智強在島內政論節目“新聞深喉嚨”中表示，臺灣防疫“神邏輯”就是“只要不檢驗，就沒有感染者，少檢驗，感染者就少，看不到感染者，就代表說我們沒有感染者，但日本女學生用身體去證明，這防疫邏輯是多麼荒謬”。羅智強批評，在臺灣沒有檢驗出這名日本女學生感染新冠肺炎，結果人家回國被驗出，“這是很丟臉的一件事情”。他認爲，過去這段時間在“神級防疫”的邏輯下，大家都覺得臺灣很安全，可是全球新冠肺炎感染人數已將近1000萬人、死亡人數將近50萬人，重點是全球每日確診人數不斷創新高，美國還在高峯上，這世界不但不安全，其實是更危險。羅智強還提到，其他地區也可能會質疑臺灣篩檢量不足，就像日本研議開放邊境時，卻排除臺灣。據媒體此前報道，歐盟計劃於7月1日重新開放邊境，首波開放名單亦未包含臺灣。有島內網民粉刺，（歐盟）打臉民進黨當局的吹噓。還有人表示，（臺灣）根本沒有普篩資料，別人怎麼會相信？臺灣一日不加大篩檢量，臺灣就會被視爲疫情不明。臺灣《中國時報》曾在一篇評論文章中表示，各國在決定放寬邊境管制的對象時，疫情是首要顧慮。臺灣的疫情指揮中心一直拒絕進行更多普篩，連小規模的抽樣篩檢也不肯，人口36萬的冰島篩了4.6萬人，臺灣2300萬人只篩了7萬人，全球各地排名第85；每百萬人篩檢數3000多，全球各地排名第138。各地在考慮開放入境時，要看到確鑿的科學數字，才能理解當地社區的感染狀況，以及其旅客所帶來的風險程度。文章稱，這段時間以來，民進黨當局拿着防疫佳績強力進行“大內宣”，對陳時中大行造神，民衆也沉浸在自滿中，卻沒看到臺灣的防疫並不是十全十美，只是不足處被遮掩了起來。文章認爲，民進黨當局與其把一個防疫指揮官搞成人氣王，不如專注在對防疫有幫助的事上，早點對國際交出更有說服力的證據。,red
卢比奥等美议员提案又想强化“美台关系”，专家：那些人是在强刷存在感,【環球時報記者 範凌志】美國國會參衆兩院跨黨派議員當地時間26日提出一個新法案，美媒報道稱，這個名爲“臺灣研究獎學金法案”的新法案計劃每年撥款3200萬美元供聯邦政府公務員到臺灣參加兩年研究交流項目，以強化“美臺關係”並“推進美國在印太地區的價值與利益”。報道稱，該法案由參議院外交委員會成員盧比奧等人共同提出。實施該法案的目的包括：讓美國政府臨時調派任一部門官員，以“臺灣中央當局或臺灣民間機構的研究員身份”到臺灣以普通話進行密集學習，進一步加強“美臺戰略伙伴關係”並擴大對印太地區的理解;幫助美方人員學習普通話，增進他們對臺灣政治經濟及印太地區的理解;鼓勵進一步擴大其他“人文交流”等。“個人認爲，在美國特朗普政府大幅壓縮對外費用和國內經濟一團糟的背景下，該法案可能很難在這屆政府任期內通過。”社科院美國問題專家呂祥27日對《環球時報》記者說，特朗普本人毫無疑問會質疑3200萬美元的費用能給美國帶來什麼收益。值得注意的是，該法案的發起人之一盧比奧是美國反華的最活躍人物之一。呂祥告訴《環球時報》記者，盧比奧本人是美國政壇共和黨勢力的少壯派代表，但由於在2016年共和黨初選中慘遭特朗普羞辱，目前亟須加強存在感。因此，他提出上述法案並不令人驚訝，“從大環境看，我們必須警惕盧比奧等反華人士的動向，他的提案，一方面試圖將臺灣當局與‘印太戰略’這一巨大戰車捆綁，另一方面將‘臺灣牌’變得更加有力。”呂祥表示，從力量對比和歷史大勢來看，“兩岸統一是不可逆的大勢，區區3200萬美元的項目即便實施，對這樣的大勢也構不成任何實質性的影響。”另據美國媒體報道，美衆議院通過法案允許首都成爲美第51個州，而親綠的《自由時報》27日“自嗨”稱，有人曾聯署盼美國買臺灣。有島內網民表示，開玩笑就行了，當真可就慘了。,red
不要“九二共识”，国民党还剩下什么？,中國國民黨改革委員會近日提出兩岸新論述建議案，其中沒提堅持“九二共識”，也未提反對“臺獨”，整個論述被外界諷爲“跟民進黨沒兩樣”。國臺辦發言人就此評論，“希望中國國民黨明辨是非，堅持積極的大陸政策”。島內輿論認爲國民黨此舉是自廢武功，質疑放棄中心思想和兩岸優勢，國民黨“還剩下什麼？” 步民進黨後塵 國民黨的兩岸新論述建議案，主要內容包括“堅持中華民國主權、保障自由民主人權、維護臺灣安全優先、創造雙贏共享繁榮”等所謂的“四大支柱”，其中表示肯定“九二共識”的歷史貢獻，拒絕“一國兩制”，提出大陸必須先正視“中華民國”纔有兩岸共識。臺灣《中國時報》社論直言，這些主張“跟民進黨沒什麼不同”。 蔡英文2016年第一任就職演說中曾提到“肯定九二會談歷史貢獻”，以此搪塞是否接受“九二共識”的質問。時隔4年，蔡英文早已不再提這舊茬，國民黨竟然依葫蘆畫瓢，稱“九二共識是過去兩岸求同存異的重要工具”，把重點也放在了“歷史貢獻”上。 那麼國民黨未來究竟要不要堅持“九二共識”？建議案通篇對此諱莫如深。臺灣資深媒體人孫聞詩在《聯合報》撰文表示，看完建議案後，完全不知道曾立下汗馬功勞的“九二共識”，到底未來在這“四個柱子”中扮演什麼角色？“或者說，還存不存在？” 國民黨兩岸新論述中，完全沒提到國民黨黨綱明列的堅決反對“臺獨”，只提出諸如呼籲大陸正視“中華民國”的存在、讓臺灣參與國際組織、推動兩岸人權協議等，幾乎都是照搬民進黨訴求的拾人牙慧之舉。難怪島內媒體說，國民黨這一兩岸論述建議案“乍看之下會以爲是民進黨的文件”，“對民進黨拿香跟拜的痕跡太明顯了”。 藍營強烈反彈 國民黨內隨即傳出巨大反彈聲浪。國民黨主席江啓臣邀請歷任黨主席6月23日餐敘，但前任黨主席馬英九、吳敦義均未赴宴。近來鮮少發聲的國民黨前主席連戰22日也發表聲明，表示“九二共識”可以讓兩岸求同存異、擱置爭議，“足以達成兩岸關係和平發展及擴大臺灣的國際空間，其價值不容否認抹煞”。 國民黨前主席洪秀柱22日晚發文表示，一個政黨若一味考慮選票，不顧政黨理念與中心思想，終將會被掃入歷史。國民黨應對外界詳加說明“九二共識”的核心意義，而不是任由民進黨將其污名化。 馬英九基金會執行長蕭旭岑撰文指出，蔡英文不要“九二共識”，國民黨也忙不迭地跟着丟掉了，“這不是民進黨最樂意見到的嗎？”國民黨掉入了民進黨陷阱，把原本自己手中好牌避之唯恐不及地丟掉，“還剩下什麼？” 海基會前副董事長高孔廉撰文表示，兩岸過去在“九二共識”基礎上舉行過11次會談，簽署過23項協議，同時臺灣可以參與世界衛生大會、國際民航組織與國際刑警組織等，“九二共識”居功闕偉，國民黨兩岸新論述不能否定過去的成就，必須在此基礎上加以發揚光大。 國民黨中常委劉大貝批評，這個兩岸論述是他在黨內看到“最差的一篇”，他不反對兩岸要有新論述，但不能否定“九二共識”，不能跟着民進黨走，否則將被稱爲“小綠”。 藍營對國民黨的表現表示失望。新黨主席吳成典發出十點響應表示，“九二共識”不但有其正面貢獻，而且是維持兩岸和平的重要指針，也是今後應繼續奉行的基本原則。新黨籍臺北市議員潘懷宗表示，如果國民黨放棄“一國兩制”或是不談“一國兩制”，這“一中”國民黨到底同不同意呢？ 面對外界質疑，江啓臣緊急“滅火”表示，改革委員會的兩岸政策只是建議案，供黨內外討論，並非定案。祕書長李乾龍23日強調，國民黨一定不會拋棄“九二共識”，只有怎麼去論述的問題。 純屬自廢武功 國民黨的兩岸路線爲何大幅向民進黨靠攏？島內媒體指出，國民黨這是急欲撕掉“親中賣臺”標籤，走出選戰挫敗陰影。每逢敗選，國民黨內總有人會將敗因歸結爲“不夠綠”。但近年的民調和選舉無不顯示，國民黨的兩岸政策越是向民進黨靠攏，其聲勢就越低迷。國民黨將敗選歸咎於“九二共識”，實是開錯藥方抓錯藥。 2008年，馬英九挾“九二共識”狂勝謝長廷；2018年，韓國瑜高喊“九二共識”拿下民進黨大本營高雄；2020年，國民黨不敢大聲說“九二共識”，“大選”一敗塗地。國民黨怎會得出堅持“九二共識”不利於選舉的結論，邏輯令人費解。《中國時報》社論指出，身爲在野黨，國民黨無力揭發民進黨的矛盾謬誤，卻去檢討“九二共識”，等同默認“九二共識”是票房毒藥，間接爲民進黨解套，這是嚴重的戰略錯誤。 香港中評社評論說，國民黨的兩岸新論述建議案“基本上是不顧兩岸現實的自說自話”，“九二共識”是已被證明有效的、對兩岸有利無害的共識。國民黨不斷在‘九二共識’問題上繞圈子，瞻前顧後、猶疑不決，結果把原本是自己的優勢變爲劣勢，以致不斷弱化自己處理兩岸關係的能力。 《中國時報》評論文章認爲，民進黨的“聯美抗中”讓臺海潛在風險日益升高，臺灣更需要一個和民進黨思維不同的政黨，讓大陸對“和平統一”保持希望。臺灣實踐大學副教授賴嶽謙直言，沒有“九二共識”，哪有兩岸和平？國民黨若連自己的黨魂黨性都丟了，沒有前途可言。 針對國民黨兩岸論述建議案，國臺辦發言人朱鳳蓮表示，堅持“九二共識”、反對“臺獨”是中國共產黨和中國國民黨互信與交往合作的共同政治基礎，希望中國國民黨明辨是非，堅持積極的大陸政策，珍惜和維護兩黨既有政治基礎，妥善處理兩岸政治分歧，相向而行。 島內輿論指出，國民黨內鬥內行外鬥外行，面對民進黨進犯幾乎是只捱打不還手，敗選應從自己身上找原因，而不是倒果爲因去怪本是王牌的“九二共識”。更重要的是，若國民黨放棄“九二共識”，要如何向藍營支持者交代，又要置兩岸關係與臺灣民衆福祉於何地？,red
香港科大学生会拒移除"港独"海报 校方亲自出手撤下并严正警告,圖源：香港《文匯報》 海外網6月23日電 近日，有人投訴稱香港科技大學學生會告示板張貼與“港獨”相關的宣傳品，校方獲悉後兩度通知學生會要求其移除宣傳海報，在學生會“裝聾作啞”不採取行動後，校方親自出手，命人將海報撤下。 據香港《文匯報》報道，近日，香港科技大學校方接獲投訴，指有人在學校北閘的學生會告示板上張貼與“港獨”相關的宣傳品。香港科技大學隨後證實，表示被告知有人在學生會告示板上張貼多張政治性宣傳海報，校方表示，在收到消息後，已兩度知悉學生會，有關海報違反告示板的使用目的，並要求他們馬上移除。在學生會“裝聾作啞”不採取行動後，校方親自出手，派人將海報撤下。 香港科技大學警告稱，北閘巴士站的告示板位置屬於大學範圍並受大學規管，相關告示板僅可用作宣告學生或大學舉辦的活動，所有用家必須遵守設施的相關使用守則和大學政策，強調校方有責任並將嚴格管理校園設施，以保證他們得到妥善使用。（海外網 張莎莎）,red
台湾街头传枪响，男子对人连开10枪逃逸1小时后投案,【環球網報道 記者尹豔輝】據臺灣“中央社”等臺媒6月22日報道，臺灣桃園市大溪老街21日傍晚傳出槍響，一名陳姓男子持改造手槍朝劉姓被害人連開10槍，所幸被害人送醫後暫無生命危險，陳姓男子在事發後1小時到桃園警分局埔子派出所投案，警方仍在調查當中。報道稱，桃園市警察局大溪分局22日稱，21日傍晚5時50分許，大溪老街傳出多聲槍響，23歲陳姓男子獨自一人前往39歲劉姓被害人住處附近埋伏，趁劉姓男子外出時，持改造手槍朝被害人身體右側連開10槍後逃逸。臺灣警方表示，事發時，附近街坊民衆及逛街遊客還以爲是在放鞭炮，直到救護車抵達，才驚覺發生槍擊案。救護人員發現劉男的腹部、右手臂、右大腿多處受傷，但意識清楚，送醫急救後暫無生命危險。報道稱，逃逸的陳姓男子在事發後1小時，攜帶涉案槍支前往桃園警分局埔子派出所投案，警方初步調查，陳姓男子疑因債務糾紛前往索要未果後持槍射擊被害人。案發轄區的大溪警分局21日晚將陳姓嫌疑人帶回依法偵辦，案件正由警方調查之中。另據臺灣《聯合報》報道，陳姓男子到案後只輕描淡寫說和劉有債務糾紛，但什麼樣的債務卻不肯說，他還要求夜間不偵詢。臺灣警方22日上午再進行詢問，陳對一切細節均沒說明，22日晚被依殺人未遂、槍炮罪移送桃園地檢署。報道還提到，劉姓被害人身中4槍，仍在住院觀察，他說不認識陳姓男子，不知道爲什麼會被開槍。,red
“香港男子在台杀害女友案”嫌犯陈同佳父亲首次发声，支持儿子到台湾自首,【環球網報道 記者尹豔輝 】觸發香港特區政府修訂《逃犯條例》的當事人、在臺灣殺害女友的香港嫌犯陳同佳，曾表示會赴臺自首，但至今仍未投案。據香港“星島網”、“大公文匯全媒體”6月22日報道，陳同佳的父親接受採訪時首次迴應此事，他稱，自始至終都鼓勵陳同佳到臺灣自首，得到公平審訊，陳同佳自首的意願也不會因爲新冠肺炎疫情而改變。他覺得，兒子做錯事需要承擔責任，是對死者潘曉穎及其家屬的交代。報道提及，曾勸陳同佳赴臺自首的香港聖公會教省祕書長管浩鳴22日向媒體表示，陳同佳全家都支持他到臺灣自首，稱陳同佳家人已經承受不少壓力。陳同佳2018年2月涉嫌在臺北殺害女友潘曉穎，後逃回香港。因爲事發地爲臺灣，香港與臺灣並無“引渡協議”，陳同佳在香港無法以“故意殺人”定罪，最後，香港警方以陳同佳曾盜用潘曉穎的銀行卡和財物爲由，控告其洗黑錢罪，陳同佳最終被判刑29個月。他已於2019年10月23日刑滿出獄。出獄後，陳同佳曾公開道歉並表示會赴臺自首。而自陳同佳表明願意赴臺自首後，民進黨當局對此態度反覆。先是聲稱“港人港審”，要求港府對陳羈押追訴，還鼓吹陳同佳自首一事涉所謂的“政治操作”，更對陳同佳及勸說其赴臺自首的牧師管浩鳴入境臺灣採取管制。遭到輿論廣泛質疑後，民進黨當局又改口稱，並未限制入境，可臨櫃申請赴臺。民進黨當局還主張派員到香港押解陳同佳到臺灣受審。這種“到香港帶人”的要求明顯不符合法律常識，是故意搞政治操作，刁難香港特區政府。正是因爲民進黨當局製造障礙、設置法律難題，導致“陳同佳赴臺自首”至今未能實現。,red
台军已婚男女军人搞婚外情，男方承认书让女方遭判赔60万元新台币,據臺媒“中時電子報”6月22日報道，臺軍一位吳姓已婚男性軍人與仍在服役期的已婚女軍人小佩發生婚外情，後被妻子發現。吳妻憤怒之下要求這名女軍人賠償100萬新臺幣。小佩則辯稱，兩人僅爲朋友關係，並不知道吳姓男子已婚。但吳姓男子爲安撫妻子，曾經寫下“承認書”，列舉了其婚外情證據，而臺北法院以此爲證據判決小佩需賠償吳妻60萬元新臺幣。法院判決書指出，吳姓男子於2008年結婚，婚後育有2名子女，由於其在軍中服役，吳妻擔任起撫養子女及家務責任。2018年5月吳妻在吳姓男子手機中發現他與小佩的照片，以及兩人交往週年的記錄，才發現丈夫已有婚外情。法院審理髮現，吳姓男子於2017年4月8至12日曾和小佩一同出境旅遊，而且還住在同一個房間。吳妻也提供多張吳姓男子、小佩摟抱、裸體照片，再加上吳男還贈送“交往週年戒指”給小佩的證據。被妻子發現婚外情後，吳姓男子在2018年12月曾親筆簽下“承認書”，寫下：“本人坦承如下：本人於2017年2月起與小佩交往，並於下列本人之筆記本內所載時間、汽車旅館等地點，陸續與小佩發生多次超越正常男女交往關係。本人與小佩交往期間並多次相約於臺灣各地出遊，並於2017年4月8日至12日一同至日本旅遊。...”等語。根據吳姓男子所寫“承認書”，法官認定兩人交往已逾越一般朋友關係，而小佩身爲已婚之人，應能知道吳姓男子已婚的事實，判她需賠償元配60萬元新臺幣。,red
民进党当局不要把台湾玩成美国“印太战略”的炮灰,民進黨當局不要把臺灣玩成美國“印太戰略”的炮灰。（圖片來源網絡） 6月11日，美國參議院軍事委員會通過2021年國防授權法，針對中國的“太平洋威懾倡議”也正式獲批。 “太平洋威懾倡議”主要內容一是要在印太地區重建美軍對中國的軍事優勢，二是因應近年來美國把中國列爲“主要競爭對手”的定位，加快印太地區戰略地位超越歐洲進程。現在看，美國遏制中國的“印太戰略”，更多的還是立足於軍事，企圖用強大的軍事力量將中國圍堵在東亞大陸，而“太平洋威懾倡議”就是落實“印太戰略”最直接最現實的抓手。 自從特朗普提出“印太戰略”以來，美國已經開始調整全球軍事部署。美國不顧伊拉克內戰仍頻堅持從伊撤軍，甚至與阿富汗塔利班簽訂了一個並不光彩的協議，留下一地雞毛撤離了阿富汗。最近，又揚言從德國撤出部分駐軍，擴大了美德之間的矛盾。美國的這些做法既是特朗普“美國優先”的自私，更是爲了實現“印太戰略”把60%軍力部署亞太的規劃。 然而，面對力量日益強大的中國，美國似乎有一種無力感，隨着中國軍事力量的快速增長，美國在西太平洋的各式基地都在中國“東風快遞”射程內，關島已經不是美軍的安全港，數量的增加已經難以形成壓倒性優勢，加速軍事轉型勢在必行。所以，不同於2014年克里米亞及烏克蘭事件後應對俄羅斯的“歐洲威懾倡議”，“太平洋威懾倡議”更注重美軍能力的轉型提升。今年4月份，美國結束了關島基地“B-52”戰略轟炸機的定期部暑，改派速度更快、載彈量更大、作戰半徑更遠、隱身能力更強的“B-1B”戰略轟炸機頻繁地從美國本土起飛，到西太洋及南海執行任務，就是這種能力轉型的償試，達到“戰略可預判，戰術不可判”的威懾力。 爲了推銷“印太戰略”，凸顯美軍軍力部署轉移亞太的正當性，美軍加大了在臺海、南海的行動強度。在臺海，美國軍艦頻繁穿越臺灣海峽、“B-1B”戰略轟炸機越過沖繩、巴士海峽飛臨大陸沿海預設攻擊陣位，甚至，軍事運輸機沿臺灣島西側上空飛行，挑戰大陸底線。在南海，美國軍艦不斷侵入西沙、南沙進行“自由航行”，逼迫周邊國家“選邊站”。然而，美國的努力並沒有得到盟友的積極響應。前幾天，日本宣佈放棄部署陸基反導系統。美國想在亞太部署中程導彈，中國周邊各國並不願意。新加坡總理李顯龍就呼籲中美放下分歧，避免禍及“亞洲世紀”，強調亞太各國不想“被迫選邊”。 與東亞各國態度截然不同是臺灣島內的民進黨當局。2018年底，美國通過“亞洲再保證倡議法案”，正式把臺灣納入“印太戰略”，把臺灣作爲遏制大陸的戰略前沿。民進黨當局當然沒有辜負美國的希望，一面倒地投入美國懷抱，企圖“依美製陸”“倚美謀獨”。爲了對抗大陸，民進黨當局不顧自身財力加大了對美“軍購”力度，組建F-16v戰機部隊、購入號稱“地表最強”M1主戰坦克。今年，美國又給剛剛勝選連任的蔡英文送上賀禮，高價賣給臺灣18枚重型魚雷，民進黨當局又順勢提出購買“魚叉”岸艦導彈。然而，不斷感謝美國的民進黨當局注意到沒有，美國都認爲關島不安全了，把轟炸機撤回去了，一旦兩岸燃戰火，臺灣的機場還有用嗎？美軍艦機在臺海挑釁大陸“護臺”，大陸必定出手懲罰臺灣。炮擊金門時，面對美蔣護航編隊，大陸只打蔣軍不打美艦，臺軍忘了這個教訓嗎？ 美國的軍事力量比中國強大，這可能是在相當長的時間內都不會改變的現實。但是，美國要在東亞與中國打一場一面倒的勝仗也是不可能的。“印太戰略”確實增加了中國的軍事壓力，但現在看來，很可能是美國的“獨腳戲”，“獨木難支”將是美國的未來困境。“印太戰略”會改變嗎？肯定會，“印太戰略”給了俄羅斯喘息的機會，普京不會甘於做一個二流配角，近來，俄羅斯戰略轟炸機飛臨美國本土，戰略核潛艇重啓巡航，修改核武運用規則，不斷試射超高速武器，就是在宣示俄羅斯的實力。美國削弱北約駐軍有利於歐洲作爲一極的崛起。到那時，美國會突然發現中國只是維護自身的利益，並不威脅美國的霸權，重返歐洲又是迫切需要了。在這種風雲詭異的世界格局中，“筆尖”一樣大的臺灣還有多大價值？要麼是中美交易的籌碼，要麼就是中美競爭中的炮灰。到那一天，蔡英文們乘專機飛美國飛日本了，臺灣人民呢？ 臺灣同胞，千萬別讓民進黨當局把臺灣玩成美國“印太戰略”的炮灰！（且十） ,red
江启臣两岸论述报告淡化“九二共识” 台媒：使两岸论述进退失据,【環球時報記者 程東】國民黨改委會兩岸論述結論出爐，拋出所謂“四大支柱”建構臺海關係，淡化“九二共識”。大陸國臺辦發言人朱鳳蓮表示，堅持“九二共識”、反對“臺獨”是中國共產黨和中國國民黨互信與交往合作的共同政治基礎，如果丟棄長期堅持的理念，不僅會損害互信基礎，且會給兩黨以及兩岸交流合作造成障礙。國民黨改革委員會19日召開全體大會，兩岸論述長達3336字。報告雖然承認“九二共識”的“過往”貢獻，但提出用“四大支柱”建構臺海新關係，包括“堅持中華民國主權”“保障自由民主人權”“維護臺灣安全優先”以及“創造雙贏共享繁榮”。報告稱，大陸應減少機艦繞臺行動，兩岸應建立“防止機制和行爲準則”，創造雙贏。這樣的結論在國民黨內引發巨大爭議。中常委劉大貝說，“這是黨內看到的最差的一篇報告”，他不反對兩岸要有新論述，但不能否定“九二共識”、跟着民進黨走，如此將被稱爲“小綠”。智庫副董事長連勝文稱，2018年大勝與2020年大敗，“九二共識”因素在佔比上都不是太高。高雄市議員黃紹庭說，如果以爲只要放棄或重新包裝“九二共識”就能拉回青年票，未免異想天開。這樣的論述也遭到馬英九方面的批評。據臺灣“風傳媒”報道，黨主席江啓臣事先邀請擔任改革委員會諮詢顧問團的歷任黨主席23日聚餐，但受邀的馬英九、吳敦義、朱立倫等前主席，原本都已同意出席，但在其兩岸論述出臺後拒絕赴宴。馬英九基金會執行長蕭旭岑20日撰文稱，蔡英文不要“九二共識”，國民黨在沒有替代方案的情況下也忙不迭地跟着丟掉了，“這不是民進黨最樂意見到的嗎？國民黨掉入了民進黨陷阱，得到了什麼呢？”他21日又稱，“九二共識”不只是論述，更重要的是具體實踐；馬執政8年，從兩會恢復談判、簽訂23項協議，到兩岸事務機構負責人見面，再到兩岸領導人會晤，都是“九二共識”的具體實踐，“國民黨有必要隨民進黨起舞，也反過來動搖自己的信念嗎？”臺灣《中國時報》評論稱，“百年老店”急欲洗刷老招牌，重拾民衆信任，然而國民黨對“九二共識”說法曖昧不清，把它當成歷史事實，使兩岸論述進退失據。     ,red
台媒：11天来，大陆军机7入台湾西南空域,【環球時報記者 張天行】臺“空軍司令部”21日稱，當天中午偵獲解放軍殲-10戰機短暫進入臺灣西南空域，除廣播告警外，臺偵巡戰機全程掌握，並驅離應處。臺灣聯合新聞網稱，“這是近11天來，共機第7度進入我西南空域防空識別區”。臺“中央社”21日稱，根據公開信息，這是解放軍戰機9日以來第7度進入臺灣所謂的“防空識別區”，也是解放軍軍機今年第14度繞臺，“最近6天除了20日之外，其餘5天均有共機現蹤臺灣周邊空域”。另據親綠媒體《自由時報》報道，當時也有一架美軍P-8A偵察機在該空域活動。臺“國家政策研究基金會”高級助理研究員揭仲此前分析稱，解放軍空軍決定朝“遠征型空軍”轉型後，巴士海峽已成爲解放軍體系化空中兵力進入西太平洋的重要空中走廊；強化對“海峽中線”南端與臺“防空識別區”西南角附近空域的掌控，成爲解放軍確保此空中走廊北側翼安全的重要行動。因此，解放軍日後是否將通過戰機常態化前往，逐步實現對此空域內有效監控，甚至進一步壓縮臺防空縱深，迫使臺軍從目前偵巡的空域朝臺灣方向內縮，替這條空中走廊的北側翼爭取更多安全縱深，值得密切關注。,red
台媒：短暂“休息”一天后，解放军战机两周内第7次现身台湾西南空域,【環球網報道 記者 趙友平 張麗媛】據臺灣“中時電子報”等媒體6月21日報道，此前連續4天現身臺灣西南空域的解放軍軍機，在20日短暫“休息”後，今天（21日）中午又進入臺灣所謂的“防空識別區”，臺軍又聲稱進行所謂的“廣播驅離”。臺灣親綠媒體《自由時報》稱，解放軍軍機中午12時15分進入臺灣西南空域，當時有一架美軍P-8A偵察機在該空域活動。根據臺防務部門對外發布的公開記錄，這是解放軍今年第14次、自6月9日以來兩週之內第7次進入臺灣所謂“防空識別區”。此前13次分別是：1月23日（空警500、轟6等）、2月9日（殲11、空警500、轟6等）、2月10日（轟6等）、2月28日（轟6等）、3月16日（空警500、殲11等）、4月10日（殲11、空警500、轟6等）、5月8日（運八型機）、6月9日（多架蘇愷30（Su-30）戰機）、6月12日（運八型機）、6月16日（殲10型戰機）、6月17日（運8、殲10型戰機）、6月18日（殲10、殲11型戰機）、6月19日（殲10型機）。對此，有網友表示，什麼叫又來了？臺灣島自古就是中國領土，臺灣島空域就是中國空域，大陸戰機巡航臺灣島空域就是巡航中國空域，是天經地義之事，應該每天至少來一次，習慣成自然。↓還有網友說，自家的天地自然是任飛翔！↓解放軍軍機此前出現在臺灣空域時，對於臺軍所謂的“廣播驅離”，有網民曾諷刺，驅離？有本事嗎？用廣播就能驅離，了不起。↓解放軍軍機出現在臺灣附近空域，臺媒每每報道，均聲稱臺軍進行了所謂的“廣播驅離”，有島內網民此前曾對此諷刺：“狗吠火車”也叫“驅離”？！還有網友表示，都是同文同種的中華兒女，蔡英文偏偏要“仇中反中”更不認祖宗，當美國走狗！戰爭不遠了，“臺獨”有本事就上戰場！別逃跑！↓對於解放軍軍機出現在臺海一事，東部戰區新聞發言人張春暉空軍大校曾就海空兵力戰備巡航發表談話表示，臺灣及其附屬島嶼是中國領土神聖不可分割的一部分，中國軍隊戰備巡航完全正當合法，是針對當前臺海安全角勢和維護國家主權需要採取的必要行動。戰區部隊有決心、有能力挫敗一切“臺獨”分裂活動，堅決捍衛國家主權安全和領土完整，堅決維護臺海地區和平穩定。,red
民进党当局限制陆生、陆配子女返台，国台办：背离人道立场,國臺辦發言人朱鳳蓮就臺有關方面公佈首批開放的境外生返臺名單中未包括在臺灣就讀的陸生，並繼續禁止陸配子女返臺回答記者提問。問：日前，臺有關方面公佈首批開放的境外生返臺名單中未包括在臺灣就讀的陸生，並繼續禁止陸配子女返臺，對此有何評論？答：關於在臺灣就讀的陸生返校和兩岸婚姻家庭子女返臺問題，我們多次強調，他們的權益應當得到尊重和維護。從疫情發生到現在，民進黨當局一直針對從大陸返臺的部分臺胞、在臺就讀陸生和兩岸婚姻家庭子女刻意採取歧視性措施，嚴重損害了他們的正當權益。這種背離人道立場的政治操弄，已經受到島內公正輿論和社會各界人士的抨擊。民進黨當局應正視陸生和兩岸婚姻家庭的合理需求，尊重他們希望返臺就學、實現家庭團聚的正當要求，儘快取消歧視性措施。（總檯央視記者 張雪松）原標題：國臺辦：民進黨當局應正視陸生和兩岸婚姻家庭的合理需求 儘快取消歧視性措施,red
民进党当局又上演“权力大戏”，这次是在医疗界……,【環球時報綜合報道】就在疫情緩和之際，島內民進黨當局上演了一出“白色巨塔”的權力大戲，所謂“抗疫英雄”、“衛生福利部部長”陳時中接連被蔡英文和“行政院長”蘇貞昌打臉。據臺灣《中國時報》16日報道，臺“衛福部健保署”日前針對352項健康保險部分報銷的項目給出患者“自費上限”，結果引發醫界高度反彈。陳時中原本誓言將在8月如期落實改革，不料蔡英文在臉書直接表示不同意見，稱已請蘇貞昌“特別注意此事”，要求他再與陳時中“就各界的意見與提醒進行研商”。蘇貞昌直指“一個政策推出，應讓整個團隊知道”，且應充分溝通。國民黨黨團首席副書記長林奕華解讀認爲，蘇貞昌是在提醒陳時中，“防疫時，陳時中是指揮官，但回到行政體系，我纔是老大”。陳時中只好緊急和醫界開會溝通，表示政策暫緩實施，“沒有非要做不可”。臺灣《聯合報》稱，臺灣自費醫療器材價格長期紊亂，多年來一直未能解決。“健保署”出臺自費上限政策，表面上爲民衆省錢，潛臺詞則是“醫院利潤大縮水”。作家劉心月評論稱，陳時中靠着“抗疫英雄”光環推動這項敏感的措施，而醫界支持民進黨的人很多，反對者會直接到蔡英文跟前告狀。全民健康保險是島內於1995年3月1日開始實施的強制性保險福利政策，一直以“保費低、保障範圍大”而令臺灣民衆自豪。臺灣《商業週刊》稱，全民健保已入不敷出，收支差距連年達到2%以上，以2019年爲例，健保經費缺口有337億元新臺幣。(程東),red
陈其迈请辞再选高雄市长，台媒：他出线原因和推动口罩生产有关,【環球時報綜合報道】高雄市長定於8月15日舉行補選，民進黨中常會17日通過徵召已請辭的“行政院副院長”陳其邁投入選戰。民進黨主席蔡英文在17日的中常會後，率領桃園市長鄭文燦和臺南市長黃偉哲一同出席提名記者會，爲陳其邁造勢喊口號，稱他爲“最強戰將”。陳其邁在致辭時稱，會讓故鄉擦亮“綠色執政、質量保證”的招牌，“我準備好了，回鄉的我要跟高雄一起打拼”。臺灣“中央社”17日稱，今年55歲的陳其邁在基隆出生、高雄長大，學醫出身，擔任過5屆“立委”，歷任民進黨副祕書長、“行政院”發言人和“總統府副祕書長”等職。他的政治生涯幾乎都在經營高雄，2018年那場選舉堪稱是他的重大挫敗，如今再回到高雄，他的對手可能不是其他政黨的選將，而是他自己。聯合新聞網稱，陳其邁辭職後，“行政院副院長”將由“經濟部長”沈榮津接任，而他出線的主要原因是推動口罩生產立了功。國民黨仍未提出高雄市長補選人選。國民黨祕書長李乾龍17日稱已經通過徵召辦法，這兩天將下高雄處理人選事宜，24日中常會將移師高雄正式介紹人選。媒體詢問李乾龍人選會是當地議員還是政治素人，他迴應稱，都是有知名度的人，不是素人，目前人選有六七位，會徵選出最大公約數，也就是會贏的人。民衆黨祕書長謝立功則稱，高雄市長補選人選仍有很多變量需要審慎評估，民衆黨暫時不決定具體人選，至於國民黨，當然是合作對象之一。《中國時報》17日評論稱，這已是陳其邁第三度競選高雄市長寶座。第一次是2005年代理高雄市長、順理成章參選2006年選舉時爆發官員涉貪弊案，而主要涉案人就是他的父親、時任陳水扁“國策顧問”的陳哲男。陳其邁閃辭代理市長，最後由陳菊參選。2018年，陳其邁擊敗黨內競爭對手趙天麟，第二度競選市長，沒想到半路殺出韓國瑜。如今第三度叩關，“如果票開得難看，也不會光彩”。(張天行),red
国民党组织改造 黄复兴党部或转型为“退伍军人委员会”,國民黨改革委員會將在6月19日提出各組結論。（圖片來源：臺灣《聯合報》） 中國臺灣網6月15日訊 據臺灣《聯合報》報道，國民黨改革委員會將在6月19日提出各組結論，其中與兩岸議題同樣受外界關注的“組織改造”部分，將有極大變動，一旦通過，堪稱國民黨史上“最大幅度組織改革”，黃復興黨部將不再是“特種黨部”，而是轉型成“退伍軍人委員會”，成爲黨內一級單位。國民黨中央原本欲縮減一半的中常委人數，遭改革小組否決。 國民黨內人士表示，這次組織改革將影響所有以選舉產生的公職。位階最低的黨代表部分，人數將從現有的1900多人減爲1041人；中央委員預期將會以民意代表選區爲基礎規劃名額，也將比現有名額減少。 中常委方面，改革小組決議總名額32人不變，但任期將只能連選連任一次，最多擔任8年，解決“萬年黨代表”的問題。主席選舉則取消現有的聯署制度，以增加更多人蔘與，但限定曾擔任中央委員、中評委的資格不變。 另外，包括黨代表都必須繳納“分攤金”是組改與財務兩小組的共識。據報道，未來黨代表必須負擔的“分攤金”爲一年一萬元新臺幣。但黨內人士表示，考慮到有些黨代表可能是學生或年輕人，仍可能微調或訂定例外條款。 目前黃復興黨部屬於國民黨“特種黨部”，由黨員自行經營，並自行選出黨代表。爲避免“黨內有黨”，黃復興黨部將改製爲“退伍軍人委員會”，層級爲中央黨部的一級單位，未來也不再有“黃復興黨代表”，而是打散一起選舉。 有國民黨人士認爲，改制將影響退伍軍人對國民黨的向心力，未來經營會更困難。但也有認爲，過去黃復興黨部人數佔黨員人數的1/3以上，選出的黨代表佔比不到1/6。改制後，黨員人數若充分反映到黨代表，佔比達1/4以上，反而會增加影響力。 黃復興黨部是中國國民黨特殊黨部之一，是爲臺軍退役人員設立的黨部，黨部成員包括退役官兵及其眷屬。（中國臺灣網 李寧）,red
国民党邀蔡英文共登钓鱼岛被拒，台媒：民进党当局丢盔弃甲到令人匪夷所思,【環球時報記者 張天行】爲捍衛釣魚島(臺灣稱釣魚臺)“主權”，國民黨15日提出請蔡英文與各政黨領袖登島宣示，結果被拒絕。據臺灣聯合新聞網報道，日本沖繩縣石垣市擬將釣魚島列嶼行政地址改爲“登野城尖閣”後，國民黨“立法院”黨團15日召開記者會表達嚴正抗議。黨團書記長蔣萬安稱，“領土主權寸土不讓，毫無妥協空間”，但現在看到民進黨當局只是口頭上一再重複釣魚島是臺灣的，沒有任何實際行動。國民黨黨團爲此提出6點要求，包括請蔡英文與各政黨領袖及宜蘭漁民出海登釣魚島宣示“主權”、請當局立刻召見日本駐臺代表，表達嚴正抗議以及即刻召回駐日代表謝長廷，讓其清楚交代交涉過程等。蔣萬安還提及馬英九過去用強硬做法捍衛釣魚島時，時任“立委”的“行政院副院長”陳其邁曾建議馬登釣魚島辦釣魚大賽，如今他要正式請陳其邁兌現承諾，“我會第一個報名，但我嗆你不敢”。此前國民黨主席江啓臣已表示願邀請蔡英文一起跟着宜蘭漁民出海，前進釣魚島，國民黨“立委”陳玉珍15日表示，希望蔡能呼應江啓臣的邀請，若蔡沒有迴應，她不排除在6月下旬舉辦考察行程，登釣魚島宣示“主權”。釣魚島的管轄地宜蘭縣也醞釀行動。宜蘭縣議員蔡文益稱，如果日本石垣市議會執意通過釣魚島地址更名案，7月7日他將串聯漁會及民間團體發動新一波保釣。他說，當年日本以“走丟了一個日本兵”爲由發動“盧溝橋事變”，如今臺灣卻是一口氣“丟了5個島”(釣魚島列嶼)，更不能沉默以對、噤不作聲，要以實際行動展現出我們捍衛“主權”和漁權的堅決立場。不過，民進黨當局仍是輕描淡寫。臺“總統府”發言人丁允恭15日稱，釣魚島列嶼是“中華民國領土”，這是當局一貫立場，呼籲各方秉持“擱置爭議，共同開發”的原則，以和平方式解決爭議。“行政院副院長”陳其邁稱，捍衛“主權”的決心沒有任何改變，至於要怎麼做，不管是要通過“外交”協商還是護漁等，不用在任何其他事項做不必要的評論。聯合新聞網15日分析稱，民進黨當局有兩大顧慮，一是臺日友好一直是蔡英文的“外交方針”;二是民進黨在兩岸關係上日漸疏遠，需要強化臺日關係聯結。臺灣《中國時報》稱，面對日本嚴重侵害“主權”和漁權，選舉時整天高喊“主權”的民進黨當局卻像是跳向另一個平行時空，不僅本身無意主動捍衛“主權”，也不願藉由民氣向日方宣示立場，丟盔棄甲到令人匪夷所思。 ,red
日本要对钓鱼岛行政区划更名都怪大陆？民进党当局想甩锅被网民看破,【環球網報道】日本石垣市要將釣魚島（臺灣稱“釣魚臺”）行政區劃改名一事在島內以發酵數日，臺灣地區領導人蔡英文被多次喊話，要求其登島，國民黨更喊話蔡英文“不可再軟弱”。面對島內要求對抗日本聲浪的高漲，一向被批“媚日”的民進黨當局果然拿出一貫招數——甩鍋大陸。這次，民進黨當局將日本要對釣魚島行政區劃改名的原因牽扯到大陸身上。據臺灣“中央社”報道，臺外事部門今天上午發佈新聞稿稱，針對改名一事，日本石垣市長中山義隆對其的回覆是，此事雖是地方事務，但可能波及“臺日友好關係”，請務必審慎自制。中山義隆還稱，事件起因是大陸公務船頻繁進出釣魚島海域，並驅離日本漁船（去年約30起，今年年初至今已達10起），引發當地民衆強烈反彈，因此舊案重提，據以“反制”。臺灣“中央社”報道截圖此外，臺外事部門繼續輕描淡寫的提及對釣魚島的主權，隨即卻又聲稱，每年通過“臺日漁業委員會”商議“臺日漁業協議”適用海域作業秩序問題。臺外事部門還宣稱，相關單位將依據與“臺日漁業協議”相關規定確保臺灣漁民權益，以實現資源共享目標。而事實上，宣稱確保臺灣漁民權益的民進黨上臺之初，就曾恰逢臺灣漁民在衝之鳥礁附近被日本公務船抓扣並勒索，民進黨當局卻沒有半句譴責抗議的話。2017年初，時任美國國防部長訪日時稱“釣魚島適用日美安保條約”，而面對釣魚島被日本覬覦，蔡英文和臺北“駐日代表”謝長廷均未做出表態，引發島內批評兩人是“兒皇帝”“孫代表”。2018年，謝長廷又在接受臺灣媒體採訪時稱，“衝之鳥、釣魚臺（釣魚島）及慰安婦等爭議，都是懸案”。有臺灣輿論直言，臺灣有些人老是用這類發言討日本人的歡心，但“就算是日本人，其實內心也看不起這羣人吧”。此次，臺灣外事部門言論一出，有島內網民怒稱，關日本什麼事？這種白癡的話只有民進黨當局和無腦綠營會相信。還有網民指責民進黨當局稱，這就是被人賣了，還傻傻的幫忙數錢，民進黨當局不敢登釣魚島對日本嗆聲，是還留戀日據時代的臺奴身份嗎？“民主退步黨”這個“外交部”變成日本的“外交科” 科長是“舔日跪日”謝長廷。↓更可笑的是，臺灣一家名爲“信傳媒”的媒體今天還“恰逢其時”地發佈了一篇題爲“釣魚臺改名爭議》解放軍想藉此挑起爭端 蔡政府別上當”的報道，似乎在與民進黨當局一唱一和。文中提到，其前年曾獨家報道，由於蔡英文當局上臺後，臺日之間維持“相當不錯的友好關係”，因此大陸就挑釣魚島想讓臺日雙方吵個架。報道援引所謂“權威人士”的說法稱，解放軍的目的就是想借由釣魚島挑起爭端，破壞“臺日之間的友好關係”，提醒蔡當局可千萬要搞清楚，別上瞭解放軍的當。不過，這套說辭被島內網民一眼看破。有人表示，邏輯不通，改名的是誰，就是誰想挑起爭端， 這樣理解很困難嗎? 解放軍想挑起事端，所以下令日本地方議會改名?所以日本“大哥哥”也是解放軍養的一條狗？有網民諷刺民進黨當局，自己不敢出聲，賴給大陸就對了。↓,red
喊出“枪毙蔡英文”之后，台退休教授面临政治追杀,【環球網報道】“槍斃蔡英文！”已退休的臺北城市科技大學退休教授周明臺因喊出這句話，連日來被推到風口浪尖。臺灣綠媒“三立新聞網”稱，周明臺此言恐已觸犯“恐嚇危害安全罪”，可處2年以下有期徒刑、拘役或300元（新臺幣，下同）以下罰款。臺灣警方稱，不排除依蒐證畫面傳喚當事人到案說明。民進黨籍“立委”王定宇更揪住此事，要求必須依法嚴辦。島內網民則看法不一。綜合臺媒報道，高雄市長韓國瑜罷免案6月6日通過，挺韓的高雄市議會議長許昆源當晚墜樓身亡。臺灣“民主監督聯盟”召集人黃正忠13日舉辦“百萬白衫軍庶民上凱道”遊行活動，其間周明臺作爲代表上臺發言時高喊，大家應該勇敢站出來替天行道，爲許昆源討公道，“我們要團結把蔡英文拉下來，罷免蔡英文！槍斃蔡英文！”周明臺“槍斃蔡英文！”的言論一出，隨即成爲島內輿論焦點，近兩日，島內媒體、“立委”、網民紛紛對此發聲。臺灣“三立新聞網”13日稱，周明臺“恐怕已經踩到法律紅線！”根據臺灣“刑法”第305條（恐嚇危害安全罪），以加害生命、身體、自由、名譽、財產之事，恐嚇他人致生危害於安全者。處2年以下有期徒刑、拘役或300元以下罰金。臺北市警察局中正一分局同日（13日）表示，針對相關言論，會在活動結束後，通過現場蒐證畫面瞭解當事人言論，若涉及違法，會依法傳喚當事人說明。臺警方還稱，此言論恐涉及“刑法”恐嚇危害安全罪或恐嚇公衆罪，但仍須依現場蒐證影片及傳喚當事人說明後，才能依法究辦。民進黨籍“立委”王定宇聲稱，言論自由也不能踩法律紅線，這樣的言論已經觸犯恐嚇危害安全罪，最重可關2年，必須依法嚴辦。島內網民對此事的看法則各持己見。有人支持應該依法嚴辦，有人質疑，“以前這樣講是司空見慣，現在這樣講就要被法辦！”喊口號就送辦，罷韓遊行時出現拔舌、砍頭...等人偶，怎不見王定宇出來講要法辦，真是雙標，只許州官放火，不許百姓點燈。還有人表示，（依此標準）之前向馬英九扔鞋的，那維安人員早就該開槍射擊啦！↓有人認爲，“槍斃”跟“槍殺”是兩種不同的概念，前者是經過判刑後所執行的刑罰，如果沒被判刑或罪不至死就不會執行。常在有人犯錯時稱：真該槍斃，就是這道理。所以稱誰該槍斃應該不至於犯法吧？↓,red
台湾台中中横便道山壁大面积塌方 暂无人员伤亡,昨天（12日）上午，臺灣台中市和平區中橫便道一處上邊坡路段，突然發生大規模塌方，造成道路雙向阻斷，所幸目前沒有傳出人員傷亡以及車輛受損。 臺中市和平區中橫便道22.5公里處上邊坡路段，12日上午發生大規模塌方，而且持續有大小石塊落下，場面相當危險，雙向道路也全部被阻斷，警方及時趕到現場拉起封鎖線防止車輛進入。所幸沒有傳出人員傷亡以及車輛受損。 災害發生後，臺公路主管機構調派機具到現場清除塌方，預計要到13日下午才能恢復通行。初步統計，整個塌方面積已經有3200平方米，而且初步研判可能是近日大雨加上地震造成土石松動塌方。 ,red
中美军机过境后，台军夜放“窜天猴”，大战一触即发？,中美軍機過境後，臺軍夜放“竄天猴”，大戰一觸即發？（圖片來源網絡） 6月9日，1架美軍C-40A運輸機飛越臺灣；其後，臺灣方面稱，解放軍多架蘇-30戰機短暫進入臺灣西南空域。6月11日，針對美軍機飛越臺灣一事，國臺辦發言人朱鳳蓮應詢指出，美軍機飛越臺灣，損害我主權、安全、發展利益，違反國際法和國際關係基本準則，是一起非法行徑和嚴重挑釁事件。我們對此表示強烈不滿和堅決反對。 但朱鳳蓮話音剛落，11日晚間，臺灣方面又試射了多枚導彈。難道民進黨當局無視大陸警告，想要“頂風作案”？ 臺媒報道指出，11日晚間的導彈試射，是由臺灣“中科院”操作的。報道稱，11日晚間8時左右，臺東成功鎮基翬（hui，一聲）漁港附近響起刺耳轟鳴聲，隨後一枚導彈拖着長長的黑煙飛向天際，大約20秒後消失在空中。 有綠營媒體在報道極力渲染導彈發射瞬間畫面，表示導彈升空時發出轟隆隆的巨響，火光照亮夜空，巨響傳遍了臺灣東海岸。另有臺媒報道稱，“中科院”隨後證實在臺東發射了一枚“天弓二型”導彈，而在屏東九鵬基地稍後也發射一枚“天弓三型”導彈，在蘭嶼上空成功攔截該枚“天弓二型”導彈。 過去“中科院”每年都會有一到兩次類似的導彈發射，通常發射的都是“愛國者”導彈和“天弓”系列導彈。 看起來，這起導彈試射事件，是以研究機構名義發起，似乎與臺灣軍方不同；另外試射活動屬於每年“固定節目”，無需過渡解讀。但問題是，臺灣當面對於試射時機的把握，正好趕在中美軍機過境這個節骨眼，顯然暗含示威之意和“以武拒統”的幻想。 民進黨當局一再鼓吹髮展針對大陸的“不對稱戰力”，並叫囂已經“做好戰爭準備”。但這種喊話除了發動仇恨動員，騙騙選票，根本無法撼動兩岸早已判若雲泥的軍事力量對比。 央軍委委員、中央軍委聯合參謀部參謀長李作成5月29日在《反分裂國家法》實施15週年座談會上明確表示，全軍官兵爲民族復興而戰、爲祖國統一而戰、爲踐行使命而戰的決心意志無比堅定。人民軍隊有堅定的意志、充分的信心、足夠的能力挫敗任何形式的“臺獨”分裂圖謀。 國臺辦發言人朱鳳蓮強調，民進黨當局勾結外部勢力侵犯中國主權安全，破壞臺海和平穩定，禍患島內民衆安全福祉。我們對此表示強烈譴責。我們有決心、有意志、有能力堅決維護國家主權、安全、發展利益。我們嚴正警告民進黨當局不要誤判形勢，不要低估全體中國人民維護國家主權和領土完整的堅強意志和堅定決心，立即停止上述行徑。（文/關其行）,red
台湾一男子因20年前命案曾9次判死 如今全案无罪确定,謝志宏。（圖：臺灣《聯合報》/記者邵心傑 攝） 中新網6月12日電 據臺灣《聯合報》報道，20年前震驚臺灣社會的臺南歸仁雙屍命案，謝志宏被判9次死刑、死刑定讞；日前，檢方發現新事證聲請再審，臺南高分院認爲，謝當年的警詢錄音帶消失，且同案共犯郭某證述謝殺害被害人的證詞可信度有疑，5月15日逆轉改判謝無罪，檢方未上訴，全案無罪確定。 謝志宏說，“終於可以展開新的人生”。 謝志宏(41歲)目前是汽車零件送貨員，得知無罪確定，難掩雀躍神情。他說，早在20年前就該得到的(結果)，現在纔得到，還是以平常心面對，考慮出來創業。 曾是死囚的他，自當年案發後被關押6834天，若無罪確定，以每天最高5000元(新臺幣，下同)補償金換算，最高可獲3417萬元冤獄補償金。 律師塗欣成說，近期將和律師團開會，下一步聲請刑事補償。 ,red
国台办：“台独”分子胆敢以身试法必遭严惩,新華社北京6月12日電 針對島內一些“臺獨”政黨和團體近來不斷鼓譟“修憲”“正名”，並妄圖推動制定所謂“新憲法”，國臺辦發言人朱鳳蓮12日應詢指出，近一段時間，民進黨當局加緊勾連外部勢力破壞臺海和平穩定，不斷挑動兩岸對立對抗，導致兩岸關係更趨複雜嚴峻。島內一小撮“臺獨”分裂勢力利令智昏，藉機生事，大肆鼓譟並加緊推動一系列謀“獨”活動，企圖把兩岸關係推向危險邊緣，把臺灣同胞推向災難深淵。 朱鳳蓮表示，“臺獨”分裂勢力及其活動是臺海和平穩定的最大威脅，是兩岸關係和平發展的最大障礙。他們的行徑與中華民族根本利益和臺灣同胞切身利益背道而馳，註定不會得逞。我們正告這些“臺獨”分子必須懸崖勒馬，膽敢以身試法，必遭嚴懲。,red
受疫情影响延迟85天后，大甲妈祖绕境昨日起驾,【環球時報記者 張若】因新冠肺炎疫情，大甲媽祖繞境進香活動在延後85天后於11日晚起駕，正式展開9天8夜的繞境之旅。11日下午5時，國民黨主席江啓臣、臺中市副市長陳子敬、“立法院副院長”蔡其昌以及先前接受換肝手術的大甲鎮瀾宮董事長顏清標、顏寬恆父子現身恭迎正爐媽、湄洲媽及副爐媽上轎。顏清標在致辭時稱，大家跟隨媽祖的腳步，走出健康、走出快樂，防疫期間也祈求媽祖展現神威，早日除掉疫情。聯合新聞網稱，受疫情影響，今年跟隨媽祖神轎的信徒限制在800人，且須實名登記。11日早上，等待登記的羣衆排了約500米，其中搶到頭香的桃園中壢民衆排了6個半小時。《中國時報》稱，鎮瀾宮爲防疫祭出實名制管控信衆人數，並維持神轎周圍不超過800人；9天8夜期間每天贈送800頂帽子給實名登記的信衆，所有隨行團隊及神轎班等人員全部造冊，每天戴口罩、量體溫，途經宮廟全面消毒，並使用餐盒提供點心，不吃大鍋菜。新港奉天宮董事長何達煌稱，大家都在問爲何大甲媽祖這次宣佈繞境這麼急，“因爲媽祖很靈，就是要讓信衆請假來不及，參加的人就不會太多，達到防疫效果”。大甲媽祖繞境原定3月19日舉辦，但因疫情宣佈暫停，直到臺灣“中央流行疫情指揮中心”7日宣佈解封，繞境才正式啓動。這也是島內解封后舉辦的第一場近千人大型活動， 臺“行政院長”蘇貞昌提醒稱，繞境防疫要做好，不要搶轎、鑽轎腳等。聯合新聞網評論稱，大甲媽祖以往9天8夜的繞境規模，巡行距離超過300公里，途經100多座大小宮廟，參與民衆至少200萬人。繞境活動是對臺灣過去140天防疫成效的驗收。,red
台媒：台防务部门证实染疫军舰曾有70人求诊71次，其中5人曾发烧,【環球網報道】臺海軍“敦睦艦隊”中的磐石艦目前已有24人確診感染新冠肺炎。據臺灣《聯合報》20日報道，根據臺防務部門“軍醫局”今天（20日）提供給臺“立委”的數據顯示，“敦睦艦隊”在來回帕勞的航程中，磐石艦上337位官兵中有70人曾經向艦上醫官求診71次，且其中曾有5人發燒。報道稱，臺防務部門“副部長”張哲平證實這項資料，但他稱，自己至今也是第一次看到資料，臺防務部門項目小組將此已列爲調查項目，將會究責。《聯合報》稱，民進黨籍“立委”趙天麟今天上午在臺“立法院”稱，海軍“敦睦艦隊”有無隱匿疫情，他不敢說，“但輕忽一定有”。他提到，根據臺防務部門“軍醫局”提供的資料，磐石艦有337位軍士官兵，其中竟有70人看診71次，且其中有5人發燒。趙天麟說，他日前曾質詢過“敦睦艦隊”磐石艦的狀況，臺防務部門負責人嚴德發稱，艦上有負壓隔離病牀，能以直升機載走病患，“狀況很好”。而實際上在“敦睦艦隊”航程裏卻有70人看診71次，還有5人發燒？“‘部長’卻表示一切安好”，“這到底在幹嘛？”張哲平對此迴應稱，在“敦睦艦隊”整個航行過程中，到達帕勞前後確有5人發燒，但艦上醫官將患者隔離到一般病房作診治後，“大約4到6天這些症狀也就沒有了”。他說，這些事在昨日（19日）臺灣地區流行疫情指揮中心記者會上，指揮官陳時中曾講過：這個專業判斷，很難。趙天麟又稱，艦上有這麼高比例人數曾求診過，爲什麼海軍“敦睦艦隊”如此輕忽？而且“軍醫局”臺軍左營醫院14日曾編組聯測小組登上磐石艦，審視這些看診數據後，難道不會覺得很驚悚？軍方竟還決定讓所有人放假？趙天麟稱，是否隱匿疫情他不敢說，但難道不須爲輕忽疫情向民衆道歉？現在民衆爲此“雞飛狗跳、民情沸騰”。張哲平則對此稱，不僅外界質疑此事，臺防務部門也將此列爲調查項目，昨日海軍已表示會依指揮中心所有調查結果，究責相關人，“應負什麼責任就負什麼責任”。對於臺防務部門的說法，有島內網民批評，臺軍如果跟擠牙膏一樣擠一點才吐一點，最後只會失去民衆信任。有人表示，“應負什麼責任就負什麼責任”結果又會是一些小兵小官承擔責任。↓還有臺灣網民由此擔憂表示，這樣看來，很有可能病毒根本是從臺灣帶上軍艦的，只是軍艦上羣聚效應讓病毒的影響被放大，顯然島內的染疫破口已然遠超乎疫情中心每天發佈的那樣。↓,red
台湾一派出所门前10余人持刀斗殴，警察鸣3枪驱散,【環球網報道】據臺灣“中央社”報道，臺灣雲林19日清晨多人持刀械、棍棒聚衆鬥毆，事發地點在雲林縣斗六分局公正派出所前。警察制止無效，對空鳴3槍示警，鬥毆雙方纔一鬨而散，期間2人被送醫，包括1警察。報道稱，臺警方表示，涉及鬥毆的其中一方鄭姓男子等人，19日清晨因涉及一起傷害案，在公正派出所作筆錄，另一方的陳姓男子因疑與鄭姓男子有金錢糾紛，獲悉此事後便夥同他人前往派出所。警方還原案發當時情況稱，雙方在公正派出所前碰頭，互嗆後發生肢體衝突。現場10餘人參與鬥毆，手中持有刀械、棍棒等武器。警察聽到吵鬧聲出外制止，但因當時爲清晨時分，警力不足，無法及時壓制，導致鬥毆持續數分鐘。警方提到，現場警察擔心局面嚴重失控，對空鳴3槍示警，雙方纔一鬨而散，部分參與鬥毆的人被帶回派出所，其中陳姓男子頭部、手部受傷，另有1名警察手腳擦傷，2人送醫包紮後已無大礙。另據臺灣“中時電子報”報道，警方事後循線拘捕陳姓男子、鄭姓男子等12人，查扣西瓜刀、棒球鋁棍及防彈衣等證物，依傷害、恐嚇、妨害公務、聚衆鬥毆等罪嫌將他們移送雲林地檢署偵辦，並因犯罪嫌疑重大向雲林地方法院申請羈押。報道稱，雲林縣警局今天（20日）上午對外說明表示，防彈衣並非管制品，所以一般民衆擁有並不違法，但因整體處理過程影響警察形象，所以雲林縣警察局斗六分局局長符基強身爲主管，應負起全責，從重記2小過。雲林縣警察局局長顏旺盛則自請處分，並要求即日起針對轄內易引發聚衆鬥毆及羣聚的場所，加強巡邏路檢，全面掃蕩。,red
突然被告知继承近2亿遗产，台26岁兽医发文大吐“苦水”,【環球網報道】突然知道自己繼承了一筆近2億（新臺幣，下同）的遺產，你會怎麼做？近日，島內一名26歲男子就陷入了這樣一種困擾中。據臺灣“中時電子報”TVBS等多家媒體報道，一名臺灣大學畢業的26歲獸醫在社交平臺上苦惱表示，他突然繼承了一筆近2億的遺產，頓時不知如何是好，而更糟糕的是，工作的成就感也莫名的消失了。據報道，該獸醫講述自己的經歷稱，自己目前單身、無車無房，在職場上已經快滿2年，年薪加年終獎大約50萬，一年開銷差不多20萬以內，雖稱不上富有，但也不愁吃穿，生活過得非常充實，直到去年12月，父母嚴肅地坐在客廳說要跟他談談，他的人生因此大變。這名獸醫說，他的爸媽告知他，在7年前從爺爺那繼承了一筆相當龐大的遺產，由於爸媽都是退休公務員，有退休金，生活無虞，因此想把這筆遺產交給他處理。至於到底有多龐大，他羅列明細稱，“現金部分：活期存款200萬；定期存款2200萬（利率1.1%，每月配息）；6年儲蓄險2040萬（已繳完，不解約的話2.25%年配息）”，加上3筆土地，價值約1.4億左右，總額近2億。他表示，自己以前曾夢想中樂透，但現在真的像中樂透了，卻不知道該如何是好，如今4個月過去了，除了原本戶頭，其他的錢完全不敢碰，生活依舊，騎摩托車上班下班，加班沒加班費，最開心的領薪水日，卻突然變得好像有那麼一點怪怪的，成就感正在莫名的消失，這讓他陷入彷徨，猶豫自己是否該離職，但離職後又不知該做什麼。報道稱，貼文曝光後，有島內網民留言開玩笑稱：“哇，我幻想的劇情居然真的在你身上發生了，就存着啊！反正總會有用到的時候，話說原po缺妹妹嗎”“分一些給我嗎”“還不趕緊放照片，徵女友時間到了”還有人給他提建議稱，“如果是我一定辭，自己開一家，找獸醫來幫我上班”“創業一下”“不要離職～下班後可以做些觀念正確的理財跟投資的事情，用錢賺錢是很快樂的”。也有網民表示，“我是覺得心態上千萬撐住，萬一沉淪很容易變敗家子”“祝你好運！這些錢你看起來很多，可是這是爺爺很辛苦的存下來的，也可能是爺爺的爺爺。總之，祝你好好的運用”“畢竟是祖上陰德，自己拿一筆，剩下的留給後代”。,red
台湾读硕人数近年走低 或因台湾高阶研发人力需求小,中新社臺北4月15日電 臺灣教育主管部門最新統計顯示，近年臺灣研究所就讀人數走低，2018學年研究所畢業生減至5.8萬人，較2011學年的峯值6.4萬人減少逾6000人。分析指，主因是臺灣產業以中小企業爲主，大多不需高階研發人力，且高教師資飽和。 據《聯合報》報道，有學者指出，越來越多臺灣青年不願投入研究所，一是因高階研發人力需求小，二是高教師資員額飽和，沒有青年博士的教職缺，導致多數臺生讀完學士、碩士後就進入職場，無法留住人才。 統計還顯示，就臺灣研究所畢業生就讀領域觀察，2018學年以“工程、製造及營建”排第一，佔畢業生近三成。其次爲“商業、管理及法律”，佔比24%。近年文創產業興起，促使“藝術及人文”進入前三，佔比8.7%。(完) ,red
台军一上校与友聚餐后返家休息，今早被发现死亡,【環球網報道】據臺灣“中央社”4日報道，臺軍後備指揮部一名上校副旅長，昨晚（13日晚）與友人聚餐後返家休息，今日（14日）早上卻被家人發現已無呼吸心跳。桃園地檢署檢察官與法醫今天進行相驗，初步調查死因爲心因性休克，其家屬對死因無意見。報道稱，桃園市警察局桃園分局人員表示，上午接獲民衆報案，派人前往查看，警方到場後發現，一名男子已經沒有呼吸心跳，立即協助家人呼叫消防局救護人員，經過確認男子明顯死亡，轉由家屬處理後續事宜。臺警方表示，根據其家人轉述，該名副旅長曾利用昨晚休假時間，與桃園地區友人相約餐敘，席間有飲酒，結束餐敘後返回住處休息，但平時作息正常的他早上卻遲遲未起牀，家人到臥室才發現其全身冰冷，已無呼吸心跳，立刻向警方報案。報道稱，臺軍後備指揮部在接獲訊息後，派人前往死者家中探視並協助處理。桃園地方檢察署檢察官與法醫也在今天下午進行相驗，以釐清死因，初步調查死因爲心因性休克，沒有外力介入他殺的嫌疑，家屬對死因無意見。,red
台湾导演钮承泽性侵案：被判4年 可上诉,中新網4月14日電 據臺灣《聯合報》報道，臺灣導演鈕承澤被控性侵劇組女助理案，4月14日上午在臺北地院審結，依強制性交罪判刑鈕承澤4年，案件可上訴。 3月，法院開辯論庭，鈕承澤稱以爲女助理知道自己喜歡她，因此沒有主觀犯意，盼合議庭給予緩刑宣告。 公訴檢察官則認爲，被害人是電影劇組一員，與鈕承澤有上下隸屬職場關係，被害人沒有反抗只是爲了保住工作而已，鈕承澤不認罪，犯後態度不佳，不能量以法定最低刑，具體求刑3年4月。 臺北地檢署指控，鈕承澤執導電影時認識被害人，2018年11月23日，劇組原訂召開工作會議，鈕承澤臨時取消會議，改邀友人到家裏聚會，並藉機請劇組人員帶被害人到場；11月24日凌晨，劇組人員離開，被害女子一人獨留鈕承澤家中。 檢警偵查後，採信被害人指述，認定鈕承澤涉強制性交罪，將鈕承澤起訴。 ,red
不满岛内口罩难买，台“立委”：7612.7万只失踪口罩应被列为“重大刑案”追办,【環球網報道】“7612.7萬片失蹤的口罩應該列爲重大刑案追辦”，據臺灣《聯合報》12日晚間報道，國民黨“立委”葉毓蘭昨日（12日）在臉書發文表示買不到口罩時這樣說。報道稱，葉毓蘭昨日在臉書發文提到，民進黨籍少數民族“立委”伍麗華反映，因口罩被外地人搶購，當地的少數民族買不到口罩。葉毓蘭表示，自己11日從臺北南下雲林、臺中跑行程，同行的夥伴原本打定主意要沿途買口罩，可惜如意算盤打錯了，敗興而歸。她由此感嘆，原來中南部的鄉親也爲了口罩大費心思。並說“7612.7萬片失蹤的口罩應該列爲重大刑案追辦……”。《聯合報》提到，日前“臺灣民衆黨”籍“立委”高虹安曾質疑民進黨當局有約7600萬隻口罩不知去向。據臺灣“中時電子報”此前報道，高虹安曾在10日質詢時說，根據她向臺“交通部”、“經濟部”、“衛福部”等“部會”索取的資料，1月28日到3月16日之間，供給部分的“原庫存量”爲4500萬隻、“總徵用量”爲3.19億隻，總計有3.6400億隻口罩，在配售部分，藥局和網路上販售的量爲有1.6015億隻、醫療公務用爲9933萬隻、產業用2500萬隻，“疾管署”安全庫存454.4萬隻，總計2.89024億隻。高虹安表示，經統計後居然有高達7612.7萬隻的盤點缺口，她質問備詢的臺“行政院長”蘇貞昌有掌握這些口罩的流向嗎？蘇貞昌稱，他每週一定主持口罩會議，已經十次，全臺灣口罩產量從一天188萬到1500萬隻等等。高虹安追問，請“院長”迴應分配。蘇貞昌則稱，他只能決定大原則，但問他幾隻口罩他無法講，他記不住誰分到幾片。,red
台铁普悠玛号列车发生撞人事故 一人死亡,臺鐵普悠瑪號列車發生撞人事故。（圖片取自臺媒） 中國臺灣網4月12日訊 據臺灣“中時電子報”報道，臺鐵271次普悠瑪號列車今天（12日）下午1時12分行經桃園往內壢站玉山街平交道處，撞到侵入路線的行人，現場路線當場被封閉。據臺灣《聯合報》報道，該名行人死亡。 據報道，經檢警完成現場蒐證後，於下午2時17分恢復雙線通行，總計造成15列次誤點345分鐘，3720名旅客行程延誤。（中國臺灣網 李寧）,red
“绿委”欲操弄台湾华航改名 岛内业界人士表担忧,“綠委”欲操弄臺灣華航改名。（圖片來源：臺灣《聯合報》） 中國臺灣網4月12日訊 民進黨當局近期大手筆對外捐贈口罩等物資，臺灣中華航空公司多次執行運送任務，不料島內綠營竟藉機炒作，聲稱華航的英文名“China Airlines”容易被誤認爲大陸籍，揚言“華航正名的時候到了”。 據臺灣《中國時報》報道，臺灣捐贈給歐美地區的口罩陸續抵達，歐盟公佈的華航貨機卸貨的畫面，可以看到華航的英文名稱“China Airlnes”。民進黨籍民意代表林楚茵稱，明明是臺灣送的物資，卻是由“China”航空載運，容易讓人把臺灣跟大陸混淆，所以該替華航“正名”。據臺灣《聯合報》報道，臺當局交通主管部門負責人林佳龍對此稱“持開放態度”。 不過，也有綠營民意代表擔憂，變更英文名後，可能造成華航飛機飛不出臺灣的情況。臺灣民衆黨籍民意代表賴香伶表示，一旦改名恐牽涉到國際約定、航權等問題，現在不是適當時機。國民黨立法機構黨團總召林爲洲表示，此議題涉及到兩岸敏感的統“獨”問題，不隨之起舞。 對於這項提議，臺灣航空界人士強調，在目前國際現實下，改名看不到好處，甚至要數10億元新臺幣的成本，改名不只合約可能重談，有些指定航權，改名後未必能直接接手，若其他地區認定改名案是政治動作，有可能直接收回航權。 臺灣網友對此紛紛批評：“能不能停止自欺欺人？”“沒事找事，太閒了”“陳時‘中’也該正名了。”“別人執政都沒事，就你們‘臺毒’執政，花樣那麼多”。（中國臺灣網 李寧）,red
列车与货车相撞致火车头报废 台铁向肇事者求偿3.2亿,臺鐵區間車與貨車相撞致列車頭報廢。（圖片來源：臺灣《聯合報》） 中國臺灣網4月11日訊 據臺灣”中時電子報“報道，臺鐵區間車10日在高雄一處交道上與一輛聯結大貨車相撞，造成火車頭全毀、3節車廂出軌，統計有87趟列車、1.6萬人因此延誤。臺鐵表示，事故造成搶修費用等損失，將向肇事公司與肇事者求償3.2億元（新臺幣，下同），後續將由臺“運安會”調查。該金額也是臺鐵歷年平交道事故求償最高紀錄。 臺鐵指出，事故疑係公路聯結車不當侵入路線（平交道）所肇導致，財物損失共計約3.2億餘元。臺鐵表示，受傷的司機仍於高雄榮民總醫院治療中，另外3名受傷旅客經診治後均無大礙，已離開醫院回家休養，每人已先發放5000元慰問金。臺鐵呼籲汽車駕駛人行經平交道時，應切實遵守平交道交通管制規定。（中國臺灣網 李寧）,red
60年来最惨淡 台湾夜市冷到爆摊商爆歇业潮,高雄市六合夜市出現史上最空蕩街景，一眼就可從街頭看穿街尾。（圖片來源：臺灣”中時電子報“） 中國臺灣網4月12日訊 臺灣地區流行疫情指揮中心日前針對清明假期人潮衆多的11個熱門景點發布了警報，10日又發佈人潮管制新規定。據臺灣《中國時報》報道，全臺各夜市迎來清明假期後首個週末，人潮爆冷！ 高雄六合觀光夜市生意一落千丈。六合夜市管委會主委莊其章指出，六合夜市原本有175個攤商，現在只剩下120個；全盛時期平日1天有兩三萬人，假期能達到五六萬人，但現在不分平假日都不到2000人，街頭到街尾300多米，甚至可一眼望穿。晚上六七點的用餐時間卻沒有客人上門，攤商加起來比遊客還多，原本的行人徒步區，乾脆不管制，放任摩托車通行。50多家攤商打退堂鼓，爆發退租潮。莊其章苦嘆“真的好慘”，這是60多年來頭一遭。 臺中逢甲商圈也面臨同樣的困境，以往週末人車鼎沸的盛況不見了。商圈主委王朝藝坦言，逢甲商圈全盛時期全區有近2000家攤商、週末與假日單日可創下近8萬人潮的紀錄，目前人潮初步估計減少超過5成，且陸續出現倒店、歇業潮，有業者感嘆“開1天、賠1天”。王朝藝表示，景氣差加上大陸游客赴臺人數限縮、疫情影響致入境旅客量減少，現今逢甲商圈店家生意這麼慘，大家都在苦撐。（中國臺灣網 李寧）,red
陈水扁拿“新冠肺炎”刷存在感，台网民痛斥：一定要挑战社会容忍的底线？,【環球網報道】新冠肺炎疫情持續之際，日前宣佈“退出政壇”的臺灣地區前領導人陳水扁又跳出來刷存在感，以“新冠肺炎”開起玩笑，惹怒島內網民。據臺灣“中時電子報”9日報道，陳水扁9日在臉書發佈一張圖片，上面顯示有他看手機的照片，以及寫着“阿扁無罪”的民進黨黨旗等。圖片上則寫有文字稱，4月7日時是他的手機疑似羣聚感染新冠肺炎的日子，“先是居家隔離，最後搭出租車親自送進蘋果保衛戰的ICU，經過12小時高人搶救，才病癒出院……”對於陳水扁此舉，有島內網民不滿表示，利用新冠肺炎來刷存在感，令人作嘔。這聲稱要“退出政壇”的貪污犯又難耐寂寞，準備復出。奇怪陳水扁不是要退出政壇？他一定要挑戰社會容忍的底線？↓2020年臺灣地區領導人選舉投票結果於1月11日晚間出爐，蔡英文連任。1月12日，選前一直爲“獨派”團體“一邊一國行動黨”拉票的陳水扁發佈聲明“宣佈從此退出政壇”。自2015年保外就醫以來，陳水扁頻頻從事政治活動，屢踩臺中監獄要求“不上臺”、“不演講”、“不談政治”及“不接受媒體採訪”等“4不”原則，引發島內民衆不滿。1月12日陳水扁稱要“退出政壇”後，有島內網民嘲諷：“回中監（臺中監獄）休息，這是你最好的選擇。”“貪污臺灣人錢的貪污犯誰管你退不退政壇？當自己啥東西？貪污犯就滾回牢裏蹲。”,red
台湾新增1例新冠肺炎确诊病例，累计380例,【環球網報道】據臺灣《聯合報》9日報道，臺灣地區流行疫情指揮中心今天（9日）稱，臺灣新增1例新冠肺炎確診病例。截止目前，臺灣確診病例累計380例。截止目前，臺灣確診病例累計380例，其中80人已經解除隔離。據報道，臺灣地區流行疫情指揮中心稱，該新增確診病例爲1例本地病例(第380例病例)。患者是一名20多歲男性，爲日前公佈的臺師大四年級年學生（第322例病例）的同宿舍室友。他並未出現症狀，在第322例病例確診後被列爲接觸者，於3月30日起進行居家隔離，4月6日由臺衛生單位安排採檢，於今日確診。臺灣地區流行疫情指揮中心提到，目前掌握該起羣聚感染的接觸者共448人，採檢24人，其中1人呈陽性(即第380例病例)、20人呈陰性、3人仍在檢驗中，將持續調查追蹤是否有其他接觸者。此外，臺衛生單位已針對第322及380例病例的校園及宿舍等公共區域進行消毒，該校自4月6日至4月17日皆實行遠程授課。報道稱，臺師大四年級學生（第322例病例）於3月26日出現發燒、咳嗽、嘔吐及全身倦怠等症狀至診所就醫，因症狀持續，於3月29日至醫院就醫，診斷有肺炎情形收治住院，3月30日由醫院採檢通報後確診。經初步調查，第322例病例發病前以學校及宿舍爲主要活動地。,red
被谭德塞指控对其人身攻击，民进党当局赶忙否认，台网友反问：你确定？,【環球網報道】世界衛生組織（WHO）總幹事譚德塞（Tedros Adhanom Ghebreyesus）在4月8日的例行記者會上公開透露自己過去3個月受到臺灣及臺外事部門的人身攻擊與指責。對於譚德塞的說法，民進黨當局卻連連否認，還要求譚德塞道歉。對此，有島內網民反問，你確定臺灣真的沒有對他人身攻擊？大家心知肚明，這下鬧大了吧。據臺灣“中央社”報道，民進黨當局“駐歐盟兼駐比利時代表”曾厚仁聲稱，無論在社羣媒體或正式新聞稿上，臺外事部門負責人吳釗燮從未針對譚德塞做過任何人身攻擊，民進黨當局也從未對他發動過言論攻勢。他還稱譚德塞所言“毫無根據”，是“憑空捏造的惡意指控”，不值得國際重視。臺“駐日內瓦辦事處”也聲稱，譚德塞在記者會中做出的指控“不實”至爲遺憾。民進黨當局不會也無需對他個人做出人身攻擊。臺外事部門9日也發新聞稿稱，譚德塞對民進黨當局的指控是“莫須有”，“誤導國際視聽”，對此表示“強烈不滿、高度遺憾與最嚴正抗議”，還要求譚德塞向臺灣道歉。臺外事部門還“甩鍋”稱，批評譚德塞的是“國際網絡上有身份及國籍不明網民”，相關言論均與臺外事部門無關，也非臺外事部門能操控。此外更倒打一耙指責譚德塞存在“政治偏見”，要他“迴歸中立與專業立場”，邀請臺灣完整參與對抗新冠肺炎疫情的所有會議及機制，並恢復邀請臺灣以觀察員身份出席世界衛生大會。對於民進黨當局的說法，有島內網民反問，你確定臺灣真的沒有對他人身攻擊？大家心知肚明，這下鬧大了吧。譴責個屁啦，沒有綠營網軍搞鬼，人家沒事會講？現在民進黨當局就像個霸凌別人的孩子，老師出現馬上就躺在地上反告別人霸凌↓有網民則表示，攻擊謾罵是事實，這有什麼好否認的，本來就是臺灣人在攻擊他，“外交部”官員沒看到聽到？他說的是事實，我真的看過1450網軍們（綠營網軍）的留言，還罵得挺難聽的。↓還有網民諷刺臺外事部門：“臉皮真厚”，反正也沒事做正好借題發揮。民進黨當局一天到晚想加入WHO，想加入又愛罵人家，精神有夠錯亂↓回顧臺媒此前報道，自新冠肺炎疫情暴發以來，民進黨及其當局此前屢屢對WHO發出批評言論，甚至對WHO總幹事譚德塞惡語相向。此前譚德塞表示新冠肺炎疫情已具有大流行特徵時，民進黨大佬林濁水就曾稱“現在才宣佈有什麼意義？”還謾罵WHO“鬼扯”、“無恥”。臺外事部門負責人吳釗燮也曾在社交媒體辱罵世衛組織稱“你有什麼毛病（What's wrong with you）？”民進黨當局副領導人陳建仁則曾點名譚德塞，稱其“成事不足敗事有餘”。此前民進黨當局提到“希望有機會參與”WHA時，就有島內網民嘲諷，這不是被民進黨唾棄的“爛組織”嗎？一直罵又要加入，綠營都是精神分裂嗎？還有島內網友反諷，難度怎麼會高呢？“強大的臺灣”只要繼續罵，一定可以罵到WHA皮皮剉（顫抖）而“恭迎”臺灣加入。↓據媒體報道，譚德塞在4月8日的記者會上表示：“針對我的個人攻擊早在2到3個月前就開始了。這包括對我的辱罵，甚至用‘黑人’、‘黑鬼’等種族歧視言論攻擊我。我對我的膚色感到驕傲。說真的，我不在乎這些言論。我很高興你提了這樣的問題，也許我第一次公開回應人身攻擊、甚至死亡威脅：我一點都不在乎。”“如果你要我細講，3個月前，這種對我的人身攻擊來自於臺灣島內。我們需要坦誠，我今天就直說了，這來自臺灣島內。”譚德塞補充道：“臺當局‘外交部’，他們知道有人對我發起個人攻擊的行爲，而且他們也不否認參與其中。在我遭到人身攻擊時，他們還繼續指責我。”譚德塞隨後表示，這些針對其個人的人身攻擊，他並不放在心上。但當這樣的仇恨轉移至非洲裔族羣上時，這就越界了，“受夠了”。譚德塞還說：“譚德塞個人只是整個宇宙中的一粒塵埃，不在乎無端的攻擊。理智的人都不會在乎個人的攻擊，而忽視更大的挑戰。我們關注拯救生命，世衛組織沒有政治操作。”,red
民进党当局“豪赠”欧美1000万口罩自己却不够用，18.9万台军每天只被分1.7万只,【環球網報道】民進黨當局對歐美、“新南向”國家“大手筆”捐贈逾千萬只口罩，而臺媒9日報道稱，島內18.9萬名臺軍每天卻只被分配1.7萬隻口罩，臺防務部門負責人嚴德發對此稱，官兵在營區並未戴口罩，但要求保持距離。島內不少“立委”則對此質疑，怎麼夠用？清明假期，島內旅遊景點涌現旅遊人潮，成爲疫情防控隱患。眼見如此，民進黨當局緊急對11個熱門景點發布警報，呼籲暫勿前往。綜合臺灣《聯合報》“中時電子報”9日報道，面對“立委”質詢，臺防務部門負責人嚴德發8日在臺“立法院”證實，臺軍有2740名官兵曾去過發佈警報的11個景點。他緊接着稱，防務部門嚴格要求入營強制戴口罩進行14天自我健康管理，“連睡覺時都戴口罩”，口罩必須自備，操課時按臺灣地區流行疫情指揮中心要求，保持一定距離。對於這一說法，報道稱，臺北醫學大學附設醫院胸腔內科主任周百謙表示，外出、睡前都戴同個口罩，恐對防疫沒有一點效果，反而增加感染風險。此外報道稱，民進黨當局對歐美、“新南向”國家捐贈逾千萬只口罩，但島內18.9萬名臺軍每天只獲配1.7萬隻口罩，對此臺防務部門負責人嚴德發稱，這些口罩分醫護、衛哨、新兵、戰情中心等室內機敏單位4類人員使用，官兵在營區並未戴口罩，但要求保持距離。島內不少“立委”對此質疑，怎麼夠用？何況防務部門還支持民進黨當局做口罩，怎會分配這麼少？而值得一提的是，“中時電子報”稱，臺防務部門每天分配的1.7萬隻口罩，並沒有配給這2740名官兵，口罩需要他們自己準備。,red
2740名台军逛热门景点回营被要求自备口罩24小时佩戴，台医师：增加感染风险,【環球網報道】民進黨當局清明假期對11個熱門景點發布警報，呼籲暫勿前往。臺防務部門負責人嚴德發8日在臺“立法院”證實，臺軍有2740名官兵曾在假期去過11個熱門景點，他接着宣稱，臺防務部門嚴格已要求入營強制戴口罩進行14天自我健康管理，“連睡覺時都戴口罩”。有島內醫師對此表示，外出、睡前都戴同個口罩，恐對防疫沒有一點效果，反而增加感染風險。清明假期，島內旅遊景點涌現旅遊人潮，成爲疫情防控隱患。眼見如此，民進黨當局緊急對11個熱門景點發布警報，呼籲暫勿前往。綜合臺灣《聯合報》“中時電子報”9日報道，面對“立委”質詢，臺防務部門負責人嚴德發8日在臺“立法院”證實，臺軍有2740名官兵曾去過發佈警報的11個景點。他緊接着稱，防務部門嚴格要求入營強制戴口罩進行14天自我健康管理，“連睡覺時都戴口罩”，口罩必須自備，操課時按臺灣地區流行疫情指揮中心要求，保持一定距離。對於這一說法，報道稱，臺北醫學大學附設醫院胸腔內科主任周百謙表示，外出、睡前都戴同個口罩，恐對防疫沒有一點效果，反而增加感染風險。此外報道稱，民進黨當局對歐美、“新南向”國家捐贈逾千萬只口罩，但島內18.9萬名臺軍每天只獲配1.7萬隻口罩，對此臺防務部門負責人嚴德發稱，這些口罩分醫護、衛哨、新兵、戰情中心等室內機敏單位4類人員使用，官兵在營區並未戴口罩，但要求保持距離。島內不少“立委”對此質疑，怎夠用？何況防務部門還支持民進黨當局做口罩，怎會分配這麼少？而值得一提的是，“中時電子報”稱，臺防務部門每天分配的1.7萬隻口罩，並沒有配給這2740名官兵，口罩需要他們自己準備。,red
“蓝委”效仿陈时中用空气炸锅蒸口罩 结果差点着火,國民黨“立委”葉毓蘭說明用空氣炸鍋蒸口罩的始末。（圖片取自臺媒） 中國臺灣網4月8日訊 據臺灣“中時電子報”報道，新冠肺炎疫情延燒，讓口罩成了緊缺物資，日前臺灣地區流行疫情指揮中心指揮官陳時中爲讓民衆節省使用口罩，親自示範“電鍋幹蒸口罩”，試戴後還大讚“熱熱的不錯”。國民黨“立委”葉毓蘭發揮實驗精神，用空氣炸鍋蒸口罩，沒想到差點引發火警。 葉毓蘭今天（8日）詢時臺當局“內政部長”徐國勇時，提到因沒有電鍋，因而用空氣炸鍋蒸口罩，結果險些在“立院”引發火警。她詢問徐國勇及現場官員是否嘗試過蒸口罩，徐國勇表示沒有，其他人則沒回應。 葉毓蘭在臉譜網（facebook）表示，前兩天“政務委員”唐鳳說6片口罩撐兩個月，想要效法，但辦公室沒有電鍋，發現空氣炸鍋有恆溫設定功能，再加上泰國有新聞教用空氣炸鍋烤口罩，秉持實驗精神，她把溫度設定爲100度，再把用了兩天的口罩放進去，設定8分鐘，沒想到3分鐘不到，“口罩就羽化登仙了，留下難聞的的味道和嫋嫋煙霧”。 不過，葉毓蘭也說，差點引發火警確實有點誇大其辭，但擔心沒有口罩、想延長口罩壽命從而以身試法的心情是百分百的真實。（中國臺灣網 李寧）,red
幼儿传染？台湾首间停课幼儿园师生9人出现症状,臺灣首間停課幼兒園師生9人出現症狀。（圖片來源：臺灣“聯合新聞網”） 中國臺灣網4月8日訊 據臺灣“聯合新聞網”報道，臺灣6日新增1例新冠肺炎本地確診案例，是一名4歲男童，爲日前確診的祖父母同住孫子，來自家庭羣聚感染。而因男童染病停課的幼兒園師生也陸續出現症狀。 臺灣地區流行疫情指揮中心表示，據相關衛生單位調查，截至目前，該確診男童的幼兒園師生接觸者已有9人出現症狀，其中6人陰性，其餘3人檢驗中。這9人分別爲3名老師，2人陰性，1人檢驗中；有症狀同學共6人，4名同學陰性，2人檢驗中。 據報道，男童一家同住者共6人，其中有3人確診，掌握的相關接觸者共有175人。該男童發病到確診之間，至幼兒園上課4天半，該園4月2日起全面停課14天，38名老師、學生及廚工需居家隔離，另有83名師生需自主健康管理。（中國臺灣網 劉璐璐）,red
台湾一“海豚”直升机坠毁 台当局“内政部长”回应,國民黨“立委”葉毓蘭今（8日）於臺“立法院內政委員會”質詢。（圖片來源：臺灣“中時電子報”） 中國臺灣網4月8日訊 據臺灣“中時電子報”報道，國民黨“立委”葉毓蘭今（8日）於臺“立法院內政委員會”質詢昨日臺灣小港機場發生直升機墜毀事件，要求相關負責任人說明狀況。 對此，臺當局“內政部部長”徐國勇迴應，該墜機爲一架服役27年的“海豚”直升機，事發後機上5人安然無恙，失事原因待臺“運安會”瞭解後報告。（中國臺灣網劉洪羊）,red
台湾近9000人放无薪假 实施企业数增至370家,臺灣近9000人放無薪假。（圖片來源：臺灣《聯合報》） 中國臺灣網4月8日訊 據臺灣《聯合報》報道，臺當局“勞動部”今天（8日）公佈最新減班休息統計數據，截至4月8日，臺灣實施減班休息（俗稱無薪假）的事業單位有370家、勞工數8739人，已經衝破8000人，直逼9000人，住宿及餐飲業依舊位居慘烈行業之冠，高達2979人放無薪假。上期（統計至3月31日）實施減班休息的事業單位有308家、實施人數7916人。 據臺當局“勞動部”公佈的資料，主要實施無薪假的行業包括製造業、住宿及餐飲業、支援服務業、批發及零售業、運輸及倉儲業等。人數部分，仍以住宿及餐飲業2979人最多，其次爲製造業2965人（金屬機電業就佔了2302人）、批發及零售業1072人。家數部分，也以住宿及餐飲業94家最多，其次爲批發及零售業78家、支援服務業66家。 縣市統計部分，以臺北市104家事業單位、2244人最多，新北市70家事業單位、1532人居次，臺南市與高雄市則後來居上，臺南有30家事業單位、946人，高雄有41家事業單位、904人。（中國臺灣網 李寧）,red
台当局加码捐赠“新南向”100万个口罩 国民党发声质疑,排隊買口罩已成臺灣的防疫日常，不少上班族只能趕下班時到藥局排隊，但未必排隊就一定能買到。（圖片來源：臺灣“中時電子報”） 中國臺灣網4月8日訊 排隊買口罩已經成爲臺灣的防疫日常，然而民進黨當局卻持續啓動口罩援外計劃。據臺灣《中國時報》報道，繼上週宣佈捐贈1000萬個口罩給歐美地區後，臺當局外事主管部門7日稱，將再捐贈100多萬個口罩給所謂的“新南向”地區。有趣的是，就在民進黨當局上週宣佈對外捐贈千萬個口罩後，臺灣地區流行疫情指揮中心開始教民衆用電鍋蒸口罩，以達到節約口罩的目的。外鬆內緊的政策在島內引發爭議。 國民黨文傳會主委王育敏表示，民進黨當局要做所謂的“口罩外交”，應該先確保島內一線防疫人員、民衆的口罩供應充足。臺當局至今沒有清楚交代所有口罩的數量，包括防疫口罩數、一線人員使用量、供應民衆認購量以及所謂的“外交”量是多少？她建議臺當局先向民衆交代清楚。 國民黨民意代表陳以信強調，臺灣民衆還在街頭排隊買口罩，海外還有兩、三萬臺灣人靠親友額度寄送口罩維持日常使用，民進黨當局卻對外豪捐，民衆當然會質疑，“生吃都不夠，哪還能曬乾？” 國民黨革命實踐研究院副院長遊淑慧表示，現在民衆不戴口罩就不能搭地鐵上班、上學，她建議臺當局將口罩政策改爲“配給制”，直接分配給民衆。對於這項建議，臺灣地區流行疫情指揮中心迴應稱，仍無法做到每人每天一個口罩，所以有教民衆重複使用。 民進黨當局再次對外捐贈口罩的消息一出，臺灣網友立馬炸鍋，紛紛批評：“臺灣人在排隊買口罩，還拿口罩去東南亞做人情？ ”“臺灣人還在用電鍋蒸口罩”“請教他們用電鍋蒸口罩，也記得要他們不要浪費”。（中國臺灣網 李寧）,red
台陆军士官搞“老鼠会” 威逼学弟投资诈骗600万,臺陸軍航特部再出醜聞。（圖片來源：臺灣《聯合報》） 中國臺灣網4月8日訊 據臺灣“中時電子報”報道，臺陸軍航空特戰指揮部臺南歸仁基地爆發營內士官兵結合一名曾在航特部擔任保安的劉姓男子，以“老鼠會”（金字塔銷售計劃，一種騙局）的方式招攬營內士官兵投資二手車及古董，進行詐騙吸金，至少10名士官兵遭半威嚇掏錢投資超過600萬（新臺幣，下同）。事後劉姓男子神隱，受害官兵不甘損失向上級與警方檢舉，經航特部、臺南警方與“憲兵隊”受理後偵辦，目前已將涉嫌招攬的3名士官移送法辦。 根據臺軍方調查，最上游的線頭劉姓男子，曾經擔任亞洲航空保安人員，因工作需求，短暫在臺航特部臺南歸仁基地服務過，因此與營內士官熟識。他通過幾位士官招攬士兵與學弟，以低投資、高報酬的誘因，召集大家投資二手車及古董。涉案的3名士官利用學長與長官身份，以半威嚇的方式勸說同袍每月投資數萬元，但事後劉男卻神隱，官兵投資的金錢也一去不復返。有士兵因此向警方報案，另外也有人向上級單位檢舉，總計遭詐騙金額超過600萬。 報道稱，臺陸軍航特部接獲檢舉後進行清查，確認有此事發生，因此進行調查。航特部稱，少數官兵疑涉不當投資行爲，已違反臺軍“軍風紀維護實施規定”，將檢討予以重懲、劣汰。（中國臺灣網 李寧）,red
台湾新增3例新冠肺炎确诊病例，其中1例感染源不明,【環球網報道】據臺灣“中時電子報”8日報道，臺灣地區流行疫情指揮中心今天（8日）稱，臺灣新增3例新冠肺炎確診病例，其中2例爲境外輸入，1例爲本地病例。截止目前，臺灣確診病例累計379例。據報道，臺灣地區流行疫情指揮中心稱，島內新增本地病例爲一名30多歲女性（第379例病例），近期無出境史，平時活動地以住家及周邊地區爲主。患者於4月4日出現發燒、流鼻水症狀就醫，由醫院採檢通報，於今日確診。臺衛生單位已初步掌握接觸者共21人，包括患者同住家人及就醫接觸者等，將持續調查患者是否有其他高風險暴露史，以釐清感染源。此外，今日新增2例境外輸入病例分別爲20多歲女性(第377例病例)及60多歲女性(第378例病例)。其中第377例病例於西班牙就學，3月22日入境後進行居家檢疫，3月23日出現喉嚨幹痛及腹瀉症狀，並自行服藥，4月4日當地政府追蹤其健康狀況時，患者表示持續有流鼻涕及鼻塞情形，且有輕微腹瀉、胸背痛等症狀，因此由臺衛生單位安排就醫採檢，於今日確診。第378例病例於2月16日至3月29日前往印度尼西亞探親，返臺後進行居家檢疫，於4月1日出現咳嗽症狀，4月4日因身體不適就醫，經診斷有呼吸困難、發燒、全身倦怠無力及肺炎等情形並收治住院，5日由醫院採檢通報，於今日確診。,red
民进党当局限购口罩14天9只，柯文哲吐槽：应该一天一只，不是说假日我就不呼吸了,【環球網報道】島內4月9日起將可每14天購買9只成人口罩，據臺灣“中央社”8日報道，臺北市長柯文哲今天（8日）對此表示，若口罩產量提升，一次能買一個月28只最理想，他吐槽還說，“不是說假日我就不呼吸了”。據報道，柯文哲今天在主持2020年市長與里長市政座談會前接受媒體聯訪，被問及每14天可買9只成人口罩或10只兒童口罩相關問題，柯文哲表示，他的理想中口罩應該是一天一隻，“因爲不是說假日我就不呼吸了”，如果民進黨當局稱口罩日產量已達1500萬隻，應該要一次可以買一個月份、28只。此外，報道稱，媒體追問清明假期出遊人潮對疫情影響，柯文哲表示，從感染到確診大約要15至20天，要持續觀察到15日至20日才看得出來是否造成防疫破口。柯文哲說，若重來一遍，景點應有人流管制、或是當局要出面呼籲若無法保持社交距離要戴口罩。,red
台湾新增3例新冠肺炎确诊病例，累计376例,【環球網報道】據臺灣“中時電子報”7日報道，臺灣地區流行疫情指揮中心今天（7日）稱，臺灣新增3例新冠肺炎確診病例，均爲境外輸入。截止目前，臺灣確診病例累計376例。臺灣地區流行疫情指揮中心稱，島內新增的3例確診病例爲1男2女，年齡均20多歲，入境日介於3月27日至30日，發病日介於3月30日至4月4日，出境目的爲就學及探親，發現管道爲居家檢疫（2例）及居家隔離（1例）。今日新增確診病例中，第374例病例於英國就學，3月29日入境後返家進行居家檢疫，4月4日起出現腹瀉、咳嗽、流鼻水、嗅覺遲鈍等症狀，5日主動通知衛生單位安排就醫採檢，於今日確診。第375例病例於2月25日至3月27日至法國探親，期間曾至英國、荷蘭、比利時旅遊，患者返臺後進行居家檢疫，陸續於3月30日至4月2日出現鼻塞、喉嚨不適、失去嗅覺、微喘、發燒、腹瀉等症狀，4月3日聯繫臺衛生單位後就醫採檢，於今日確診。第376例病例爲第370例病例友人，於美國就學，3月30日與第370、371例病例一同返臺，居家檢疫期間因返臺搭乘的班機上有其他旅客確診，因此改列爲居家隔離的接觸者。第376例病例於4月2日至5日陸續出現咳嗽、鼻塞、流鼻水及噁心症狀，由衛生單位安排就醫採檢，於今日確診。,red
台湾“毒航班”累计9人确诊 首所幼儿园全面停课,【海外網4月7日綜合報道】 臺灣6日新增10例新冠肺炎確診病例，分別爲9例境外移入和1例本土感染。其中本土感染者爲一名4歲男童，是此前兩位確診病例的同住家人，男童所在幼兒園成爲臺灣首所因新冠肺炎全面停課的案例。 據臺灣“聯合新聞網”報道，該所幼兒園此前只是單班停課，6日公佈確診案例後全面停課。臺灣“流行疫情指揮中心”發言人莊人祥表示，這名4歲男童發病到確診之間，到幼兒園上課4天半，該園即起全面停課14天。 幼兒園的38名老師、學生及廚工需居家隔離，另有83名師生需自主健康管理。另男童家庭羣聚3名確診案例的接觸者共175名，與男童同住的父母和弟弟採檢結果均爲陰性。 此外，6日新增的9名境外移入案例中，3人來自於3月30日自紐約返臺的“毒航班”，該航班乘客前後累計共有9人確診。新增的三名確診旅客中，第364號案例入境時主動向機場申報有症狀並採檢，但檢驗結果爲陰性，居家檢疫期間持續不適，4月5日第三次採檢才確診。 “指揮中心”此前於4月2日起提高該航班乘客及空服員等336人防疫等級，從居家檢疫改列居家隔離，提高風險追蹤強度。另由於該航班旅客染病機率偏高，且多集中在第四十幾排座位附近，臺灣“指揮中心”6日特別公佈確診9人座位圖，莊人祥說，目前仍無法排除在機上相互傳染的可能性。 截至4月6日，臺灣累計確診新冠肺炎373人。由於清明假期島內人員往來頻繁，部分景點人流密集，“指揮中心”呼籲假期裏曾前往人潮擁擠地區的民衆自覺做好14天健康管理，避免出入公共場所，外出佩戴口罩，儘可能在家上班。（海外網 朱惠悅）,red
台湾华航一班机9人感染新冠肺炎 座位都为四十至六十多排,爲避免感染，空乘員身穿全副防護裝備，但華航一架班機仍出現9例確診病例。（圖片取自臺媒） 中國臺灣網4月7日訊 據臺灣《聯合報》報道，臺灣華航3月30日自紐約飛往臺灣的一架班機迄今已有9位新冠肺炎確診者。臺灣地區流行疫情指揮中心發言人莊人祥分析確診者座位，其中6人坐在四十幾排，3人坐在六十幾排，研判發病日在入境臺灣前的感染者應在紐約感染，至於較晚發病者，可能在紐約感染、也可能在飛機上感染。 據報道，最早確診的前5例都在入境臺灣前14天即有症狀，在機場被通報採檢、4月1日確診。另有一名20多歲的女性，雖在入境前發病，卻未於機場採檢，回家居家檢疫期間出現症狀，4月1日被通報採檢，3日確診。 4月1日該班機有5名旅客確診、1人被通報爲疑似病例，臺灣流行疫情指揮中心決議自4月2日起，該班機323名旅客、13名空乘員，全部從“居家檢疫”對象改爲“居家隔離”對象。 據報道，全機成員轉列隔離後，又新增3名確診案例，其中2名20多歲男性在轉列“居家隔離”後兩天內陸續發病，很快被通報確診。只有1名30多歲的女性，在入境前有症狀，機場採檢卻是陰性，隔離期間症狀持續，4月3日發燒，但第二次採檢仍爲陰性，直到5日第三次採檢才轉陽性。（中國臺灣網 李寧）,red
台媒曝：美籍军火商藏蔡办旁豪宅开赌场，引发维安隐患,【環球網報道】臺灣《鏡週刊》7日發文爆料，臺灣警方3月破獲一個德州撲克職業賭場，逮捕近50名賭客，包括境外外人士與臺灣人。報道稱，該豪宅賭場的承租戶是一名與臺當局有密切往來的美籍軍火商，賭場就位於臺北市博愛特區附近的豪宅“揚升君臨”，距離蔡英文辦公室僅400米，走路只要5分鐘。此事引發維安隱患，臺當局高層要求徹查、懲處。《鏡週刊》稱，該美籍軍火商一年前以每個月19萬新臺幣的價碼，租下16樓一戶住宅，作爲在臺灣的棲身之所。他平日常出入臺北市小巨蛋附近的德州撲克協會，後來在協會裏認識不少從事國際匯兌的朋友，爲了增進彼此的互動及人脈，也想多賺點錢，10個月前開始在承租的豪宅裏開起賭場。報道提及，據知情人士稱，有能力到豪宅賭博的，背景都不錯，多少認識一些臺當局官員，因此發生帳務糾紛後，自然會找人投訴報復，臺當局高層掌握訊息後，大吃一驚，要求警方組成項目小組進行調查。據報道，3月8日（週日）凌晨，臺北市警方部署完成，在“管委會”人員及保安的帶領下，到達16樓一戶大門前，佯稱要送東西，住戶開門後，警方衝入屋內，逮捕近50名賭客，其中包括境外人士與臺灣人。報道引述知情人士說法稱，就法律而言，這些人雖只犯了賭博罪，但承租戶是可能掌握軍事機密、武器採購細節的軍火商，在距離蔡英文辦公室400米的豪宅內開賭場，且出入人員複雜，臺當局警政及維安單位卻毫不知情，這對於蔡英文辦公室人員恐有安全上的疑慮。《鏡週刊》稱，2009年“揚升君臨”建設案推出時，國民黨“立委”羅淑蕾在臺“立法院”質詢時，就曾質疑高樓層住戶可直接鳥瞰臺當局領導人辦公室，對當時臺當局領導人馬英九的隱私與安全是否會產生疑慮？時任臺當局安全部門“副局長”林成東曾迴應稱：“當然是有！”此事一度在島內引發討論。,red
台媒：台4刑警追捕通缉犯，警车反被嫌犯开走,【環球網報道】距臺灣“TVBS”“東森新聞雲”等媒體7日報道，臺灣花蓮今天（7日）凌晨發生了通緝犯開警車逃逸事件。報道稱，7日凌晨零時左右，花蓮港務警察4名刑警在花蓮市區追捕一名通緝犯。過程中，4名刑警所駕駛偵防車卻被嫌犯趁機開走。嫌犯開警車逃逸後，警方進行攔查一個小時，在吉安鄉找到了被搶的偵防車，但嫌犯已經逃逸。臺警方目前還在追緝當中。,red
清明假期岛内现旅游人潮，有民众逛夜市不戴口罩引担忧,【環球網報道】臺灣清明假期即將結束，據臺媒報道，過去幾天，島內各大景點、夜市涌現人潮，不僅遊客之間社交距離不足，更出現一些人逛夜市不戴口罩的情況。報道提及，在臺灣宜蘭羅東夜市的民權路側，小吃攤位前擺着桌椅，遊客上前嚐鮮，但吃飯同時旁邊有人潮走過，且未戴口罩者多。一名在民權路經營冰品的攤商看到人潮無奈表示，人少怕賺不到錢，但人多又擔心疫情，尤其沒戴口罩的人不少，看在心裏確實很害怕，她只能把口罩戴緊，勤消毒，也希望民衆戴好口罩，保持好距離。報道稱，宜蘭縣政府工旅處對此表示，因爲夜市提供餐飲飲食服務，難強制要求戴口罩以及保持安全距離，不過，基於防疫，已經加強倡導，希望民衆落實戴口罩、勤洗手、保持距離。據臺灣“中時電子報”此前報道，實際上，清明假期開始前，臺灣新竹馬偕醫院急診外科主任白永嘉就曾在社交媒體發文表示，島內疫情會不會因民衆出遊大爆發，清明假期這段時間是重要關鍵。他觀察到民衆戴口罩及洗手消毒時有一些不好的習慣，讓他很擔心，恐成防疫破口。此後，白永嘉又轉發墾丁和花東夜市滿滿人潮的照表示，實在很令人擔憂，希望不要有任何帶原者在其中！否則可能在一週出現類流感症狀暴增、三週後負壓隔離病房爆滿的恐怖景象。他說，防疫人員每天工作量這麼大，醫護醫檢放射呼吸治療師每天在醫院堅守，相信看到這畫面一定很無言又無力。他提醒稱，臺灣真的不能這樣鬆懈啊。,red
桃园机场单日旅客量跌破千人 创启用41年来历史新低,受到新冠肺炎疫情影響，桃園機場單日旅客量已經跌破千人關卡，最低僅961人，再創啓用41年來最低紀錄。（圖片來源：臺灣《聯合報》） 中國臺灣網4月5日訊 據臺灣《聯合報》報道，新冠肺炎疫情嚴峻，桃園機場單日旅客運輸量4日已經跌破千人，僅961人，再度創下啓用41年來歷史新低紀錄。 據報道，桃園機場1日旅運量2130人，2日2163人，都還維持在2000人以上。3日卻跌破2000人，僅1423人，包括出境459人，入境964人。4日桃園機場旅運人次直接跌破千人關卡，全天僅961人，包括出境399人，入境562人，再度創下啓用41年以來最低紀錄。 報道稱，桃園機場5日預報旅客量1896人，包括出境537人，入境1359人。預報人數僅爲航空公司根據旅客訂位提供的參考資料，實際旅運量應該會低於這個數字。（中國臺灣網 李寧）,red
又是喝咖啡染疫！台北市旅行社主管感染新冠肺炎,新冠肺炎疫情未歇，清明假期民衆到百貨美食街消費，有業者在用餐座位區使用透明隔板安全區隔。（圖片來源：臺灣“中時電子報”） 中國臺灣網4月5日訊 又是喝咖啡染疫！據臺灣《中國時報》報道，臺北市旅行社日前公告，公司內某主管（案335）4月2日感染新冠肺炎，臺灣地區流行疫情指揮中心證實他曾與案291一同喝了1小時的咖啡，疑似因此中招。旅行社指出，該員雖沒有業務也無與其他同事互動，但3月30日曾短暫到會議室介紹講課老師，公司得知他確診後已進行全面消毒，更宣佈暫停營業至4月13日，14日才恢復上班。 根據旅行社公告，經臺北市衛生局通報，4月2日有同仁感染新冠肺炎，經查此同仁爲代理部主管，因屬新成立部門，該部僅該員1人，且該部完全沒業務，與其餘同事更無互動。不過，3月30日早上10時30分，他有在會議室介紹講課老師，約8分鐘後離開，當時未有發燒症狀且全程配戴口罩。 衛生局於4月3日到旅行社查看與瞭解，初步認定被感染的風險很低，公司也在2日實施辦公室全區消毒。該旅行社宣佈，暫停開放辦公室及實施人員健康管理至4月13日，4月14日恢復上班。 臺灣地區流行疫情指揮中心昨亦證實，案335爲50多歲男性，因多日腹瀉不適，曾至診所及醫院就醫，3月20日與案291喝了1小時的咖啡，3月23日發病，曾2度就診未緩解。因得知案291確診，於31日再度就醫，當天即收治負壓隔離病房採檢，4月2日確診，相關接觸者居家隔離中。 臺當局“交通部觀光局”主祕的兒子（案277）日前從境外返臺，駐桃園機場主管帶着下屬（案269）前往接待，等待時間也喝了半小時的咖啡，導致下屬被傳染新冠肺炎，還牽連到5歲的兒子。這回案335是此波疫情當中，第二例因喝咖啡中標的個案。（中國臺灣網 李寧）,red
台当局"健保署"员工不戴口罩大闹北捷车站 还怒骂工作人员,一名中年男子在本月1日因不願配合戴口罩，大鬧北捷車站，事後遭爆料竟是“健保署”員工。（圖片取自臺媒） 中國臺灣網4月5日訊 據臺灣“中時電子報”報道，新冠肺炎疫情延燒，臺當局規定搭乘大衆運輸必須全面配戴口罩，但日前（1日）一名男子欲搭乘捷運卻不願戴口罩，大鬧臺北捷運東門站，期間不斷怒罵保安，就連一旁熱心提供口罩的女子也被牽連。 1日晚間8點，有網友在網上發文指出，臺北捷運東門站內一名中年男子不滿保安勸說配戴口罩，竟破口大罵，引起圍觀，一名女子見狀掏出多的口罩給男子，但男子非但不領情，反嗆“你有錢就別說屁話”，接着更嗆保安“捷運現在有規定不戴口罩不能搭？你叫什麼名字”，就連一旁錄像的該網友也被叫囂挑釁，態度相當囂張。 事後傳出這名失控的中年男子竟是臺當局“健保署”員工，對此臺灣地區流行疫情指揮中心指揮官陳時中4日在疫情說明會上證實該名男子身份，但他聲稱此人並非正式公務人員。（中國臺灣網 李寧）,red
高雄市政府团队清明假期还在忙着铺路 台网友：感动,清明假期，高雄市政府團隊還在忙着鋪路。（圖片取自臺媒） 中國臺灣網4月5日訊 據臺灣“中時電子報”報道，這幾天正逢清明節假期，有韓粉在網絡上上傳了一段高雄市三民區鼎強路道路重新整鋪的影片。其他網友看後不禁說，韓市府團隊連假還在忙着鋪路，很感動。 該韓粉在網絡上上傳了一段影片，只見車輛忙進忙出在鋪設路面。其他網友看後表示，“韓市府團隊假日沒休假，爲了高雄市民鋪設平整的馬路，真是贊贊贊！”“市長及其市府團隊就是超級贊，揹負着那麼多負債，還是一直繼續努力推動那些‘前朝’沒有做到的基礎建設，很感動！”“辛苦了，有你們真好。”“高雄的路真是百廢待舉。”“謝謝廠商及施工團隊用心鋪設好路，給予市民平安的道路。”（中國臺灣網 李寧）,red
5岁男童骑自行车撞特斯拉，台警方对其酒测引议论,【環球網報道】據臺灣“中央社”4日報道，臺中市大里區一名5歲男童昨天（3日）傍晚騎自行車撞到一輛特斯拉電動汽車，車主報案後，臺警方到場爲5歲男童進行酒測引發民衆議論。臺警方今天（4日）對此稱，作業程序並沒有明定幾歲不用實施酒測。據報道，臺警方表示，昨天下午5時多接獲民衆報案發生車禍事故，前往現場發現是5歲男童騎腳踏車撞到停在民宅門口的特斯拉電動汽車，車子有被擦撞痕跡，隨即依規定到場測量距離，並對肇事者進行酒測。報道稱，由於特斯拉車主楊姓男子將警方處理事故過程畫面公佈在地方臉書社團，引發大批網友留言討論，有些網友認爲警方及車主根本小題大作，連小孩子都不放過，而小朋友酒測的畫面也引起衆多網友議論。楊姓車主對此表示，昨天傍晚他將車子開回家停在門口準備卸貨時，就聽到撞擊車子的聲音，發現一名小男童騎腳車撞到車子的側身，小男童隨即呼朋引伴並告知父母前來，勇於承擔，沒有逃避責任。楊姓車主稱，因爲車子有保險，發生事故後要報出險，需要向警方報案，而警方到場後依規定對肇事者酒測，事情發生後，全案已經私下和解了。至於警方對5歲男童進行酒測引起議論，臺警方對此迴應稱，在道路上發生交通事故，包括慢車在內也要進行酒測，而自行車就是慢車的一種，作業程序中並沒有規定幾歲以下不用實施酒測，全案都是依規定進行。,red
台湾新增7例新冠肺炎确诊病例，累计355例,【環球網報道】據臺灣“中時電子報”4日報道，臺灣地區流行疫情指揮中心今天（4日）稱，臺灣新增7例新冠肺炎確診病例，其中6例爲境外移入，1例爲本地病例。截至目前，臺灣確診病例累計355例。報道稱，臺灣地區流行疫情指揮中心稱，島內新增本地病例爲一名40多歲男性，近期無出境史，3月30日出現發燒症狀至診所就醫，4月1日因味覺及嗅覺喪失至同一診所就醫，隔天再至醫院就醫後收治住院並採檢通報，於今日確診。臺衛生單位調查，患者獨自居住，平時活動地以住家及工作地爲主，將進一步調查相關接觸者，以釐清感染源。此外，臺灣地區流行疫情指揮中心稱，島內今日新增6例境外移入病例爲2男4女，年齡介於20多歲至60多歲，入境日介於3月15日至4月2日，發病日介於3月16日至30日。發病前活動地爲瑞士、美國、德國、英國及南美洲。其中第350例病例於3月12日至18日至美國工作，返臺時因與第197及第202例病例(赴美國探親之夫妻)搭乘同班機因此被列爲接觸者，第350例病例居家隔離期間，於3月30日出現輕微腹瀉情形，4月1日出現輕微胸悶症狀，於4月2日居家隔離期結束後，自行前往醫院就醫並採檢通報，於今日確診。第355例病例於2月20日至3月25日參加南美旅遊團，因與第259及331例病例同團被列爲接觸者，無疑似症狀，居家隔離期間於4月2日由臺衛生單位安排就醫採檢，於今日確診。該旅遊團截至目前共計3人確診。其餘4名境外移入病例爲獨立病例，出境目的爲就學或工作，發現管道爲居家檢疫(3人)及機場(1人)。,red
清明假期垦丁人潮汹涌 医生曝一个月后或现恐怖下场,清明假期墾丁大街涌現人潮，恐成防疫破口，警方在街上廣播，提醒大家“保持社交距離”。（圖片取自臺媒） 中國臺灣網4月4日訊 據臺灣“中時電子報”報道，新冠肺炎疫情持續延燒，但清明假期一到，墾丁大街上人潮擁擠，這景象讓不少醫師看了憂心忡忡。新竹馬偕紀念醫院急診醫學科部急診外科主任白永嘉在臉譜網（facebook）上貼出墾丁和花東夜市的照片，他忍不住直言，希望不要有任何帶原者在其中，否則一個月後就可能有千人以上感染。 雖然疫情仍在延燒，但碰上清明假期，民衆紛紛往各大景點跑。白永嘉在臉譜網轉發分享墾丁大街上滿滿人潮的照片，他指出，這是墾丁和花東夜市的照片，實在很令人擔憂，希望不要有任何帶原者在其中！否則可能在一週出現類流感症狀暴增、三週後負壓隔離病房爆滿的恐怖景象。 白永嘉以紐約當作例子說明，“紐約州的第四例在3月4日確診，現在已經成爲無法控制的地區，只要臺灣此刻有一個帶原者在人潮擁擠的地方，一個月後就可能千人以上感染”。他擔憂地說，防疫人員每天工作量這麼大，醫護醫檢放射呼吸治療師每天在醫院堅守，相信看到這畫面一定很無言又無力。白永嘉最後呼籲，真的要提醒每個民衆，臺灣真的不能這樣鬆懈啊！ 對於墾丁街上人潮摩肩擦踵，警方在大街上兵分兩路，步行及開着巡邏車沿街廣播，提醒民衆“保持社交距離”。（中國臺灣網 李寧）,red
台北新冠肺炎确诊病例达100例 全台仅剩5县市0确诊,臺灣最新確診地圖。（圖片取自臺媒） 中國臺灣網4月4日訊 據臺灣“中時電子報”報道，臺灣昨日新增9例新冠肺炎確診病例，累計348例，其中西半部全數淪陷，臺北市更是達到百例大關，全臺僅限5個縣市維持0案例。 根據臺“疾管署”確診地圖顯示，臺北市確診達100例最多、新北市82例、桃園市35例、臺中市34例、高雄市27例、彰化縣17例、臺南市13例、新竹市9例、屏東縣7例、新竹縣6例、雲林縣4例，基隆市、嘉義市、苗栗縣各3例，宜蘭縣、南投縣則是各2例，嘉義縣1例。 報道稱，臺灣西半部全數淪陷，全臺僅剩5縣市0確診，分別是花蓮縣、臺東縣、澎湖縣、金門縣和連江縣。（中國臺灣網 李寧）,red
台网友晒高雄新铺道路视频 惹其他人惊呼：这还是高雄吗？,網友上傳高雄左營河堤路的影片，惹不少網友驚呼“這條路終於鋪了”。（圖片取自臺媒） 中國臺灣網4月4日訊 據臺灣“中時電子報”報道，高雄市長韓國瑜上任後，“路平”是重要政績。有韓粉在網絡上上傳了一段高雄左營河堤路的視頻，不少網友驚呼：“這是高雄嗎？前年去玩時是平行世界嗎？” 該網友上傳的左營河堤路視頻讓其他網友大讚：這條路終於鋪了，真的是有點感動啊！只要是高雄人、又經常騎車走這條路的人，就知道先前整條路沒有一處是平坦的，還很像在騎越野車，路不平還有裂痕，只要有裂痕就會造成一些程度的高低差，當然會感覺一直在彈跳啊！感謝高雄市府和韓市長持續堅持“路平”政策。也有網友留言迴應說，“腳踏車與汽機車分開走很棒！沿着河堤走很舒服！”“一個不貪污的市長做事就是有效率。”“回臺灣時，也是在這裏溜達，吃吃喝喝，好想回去喔”。（中國臺灣網 李寧）,red
台湾清明假期景点被挤爆！ 医护怒：讲不听,墾丁大街。（圖片取自臺媒） 中國臺灣網4月3日訊 據臺灣“中時電子報”報道，近日，有臺灣網友在PTT（臺灣本土論壇）分享稱，新冠疫情擋不住臺人出遊，旅遊景點墾丁大街被擠爆。讓臺灣醫護怒罵，講都講不聽。 前段時間，有臺灣醫護人員在PTT上發文指出，希望大家別出境，結果根本擋不住，一些民衆照樣出境玩一波，結果臺灣14天后疫情也出現一波高潮。 而這次清明假期墾丁塞爆，反觀醫院、負壓隔離被前一波確診人員加海外回臺人員塞爆，真是不勝唏噓。 那位醫護人員在社交媒體怒喊，我們每個同事穿套隔離裝備汗都溼到衣服，怎麼就還是有人講不停、講不聽，14天后大家等着看，這羣在墾丁逛的人到底在想什麼？ 貼文曝光後，引發臺灣網友熱議，“已經說了少出門 不要去人多地方 可惜還是一堆不懂”、“我只能自律，放假四天我非必要都不出門，算是對醫護人員的一點敬意”、“知道美國怎麼輸給疫情的嗎？因爲自私的智障很多”。（中國臺灣網 全志強）,red
岛内疫情大爆发？ 台医生：清明假期很关键,臺灣民衆假期出遊。（圖片取自臺媒） 中國臺灣網4月3日訊 據臺灣“中時電子報”報道，清明假期即將到來，臺灣不少民衆希望趁假期出遊，但外界擔心恐掀疫情高峯。對此，臺灣新竹馬偕醫院急診外科主任白永嘉表示，島內疫情會不會因民衆出遊大爆發，清明假期這段時間是重要關鍵。 白永嘉在社交媒體指出，聽說目前臺灣景區，日月潭、墾丁、花東旅館幾乎都客滿了，但他觀察到民衆戴口罩及洗手消毒時有一些不好的習慣，讓他很擔心，恐成防疫破口。（中國臺灣網 全志強）,red
台网友分享高雄路面一夜惊人变化 附近居民：20年来第一次,高雄路面一個晚上完成柏油鋪設。（圖片取自臺媒） 中國臺灣網4月3日訊 據臺灣“中時電子報”報道，高雄市長韓國瑜上任後積極推動路平政策，路面改善工程大獲好評，讓許多民衆大讚。昨日（2日）有網友發文分享，稱家門前的路面，才短短一個晚上就完成整修，鋪設了柏油，且標線都已經畫好了，效率讓他相當驚訝。 該網友在臉譜網（facebook）社團“李四川後援會”表示，前一天傍晚道路管制，晚上就已經完成整條道路整修，鋪設了柏油，隔天早上起牀連路面標線都畫好了，且一旁的路面也已整修鋪設完成，他驚呼這是“高雄正在進行的世界奇蹟”。 其他人看了大讚“最棒的市府團隊，高雄有你們真好，辛苦了！加油”“身爲高雄市民，我很感謝韓市府團隊！我們真的很幸福！”“可是有部分高雄人還不知惜福”。也有住在附近的居民表示，“我住河堤路，這幾天在鋪柏油，晚上騎車感覺路上都會發亮，柏油路鋪的超讚的”“我也住河堤路，這是20年來，第一次鋪馬路。以前有坑洞，只補那一塊，所以一路都很醜……效率驚人。”（中國臺灣網 李寧）,red
吴宗宪曝与刘真生前最后对话 透露辛龙靠安眠药入睡,吳宗憲2005年與劉真合作主持節目。（圖片來源：臺灣“中時電子報”） 中國臺灣網4月3日訊 44歲的臺灣“國標舞女王”劉真3月22日不幸病逝，留下摯愛辛龍與4歲女兒霓霓相依爲命。據臺灣“中時電子報”報道，吳宗憲身爲劉真生前好友以及辛龍經紀公司老闆，仍持續每天關心辛龍，他2日凌晨接受記者訪問時表示：“剛剛還在安慰他，他悲傷得無法睡覺，需要吃安眠藥。我跟霓霓講話時，她竟然很懂事地說‘我要先哄爸爸睡覺’”，聽得他這個“阿伯”一陣鼻酸。 吳宗憲心疼地說，霓霓年紀還小，現在還不懂什麼是喪母之痛，但有一天她懂了，可能會開始找媽媽，“那種痛是會積累的，會很痛，需要漫長的陪伴”。他直言辛龍是“意志力薄弱”的人，之前講過不少令親友擔心的喪氣話，至今還是處在巨大悲傷中，“我只跟他講，霓霓就是劉真老師生命的延續，你們兩人的生命動力和力量都在這孩子身上。不管怎樣，你當爸爸的，就是要負責帶好、顧好霓霓！不要再瘦下去，要趕快讓自己健康、振作起來，回到人世的現實！” 吳宗憲回憶，劉真要去手術的前一兩天，曾和辛龍一起帶着霓霓去家裏看他，當天劉真跟他講了準備要去動手術的事，“Sandy（吳宗憲女兒）還拉着他們一起大力禱告。沒想到隔天接到‘手術失敗’的通知，我聽了整個人傻眼，差點跌坐在地上”。 吳宗憲傷心地說，聽到劉真要去動心臟手術時，他當下曾心想：“人好好的，看起來健健康康的，爲什麼要手術？”但這句話就是吐不出來，因爲當時辛龍有解釋，醫師說劉真的心臟瓣膜已經鈣化，如果沒有開刀，很可能突然一個昏厥就會“說再見”，是已經到了這麼危險的程度。他早知結果如此，當初那句心裏話就應該吐出來，“但千金難買早知道！”（中國臺灣網 李寧）,red
2月赴台旅客锐减6成 台学者估全年将减少2264亿观光收入,2月赴臺旅客銳減6成。（圖片取自臺媒） 中國臺灣網4月3日訊 據臺灣《經濟日報》報道，新冠肺炎疫情持續延燒全球，臺當局“交通部觀光局”最新統計指出，今年2月赴臺觀光客人數僅35.7萬，較去年同期狂減62.6%。由於3月全球疫情更爲嚴峻，不少地區都禁止民衆出境，觀光業者直言，3、4月份觀光人數將會再創歷史新低。 臺灣靜宜大學觀光系副教授黃正聰預估，今年1至3月的旅客數約120萬人次，4至10月則共計有300萬。假設疫情結束，11、12月觀光客數可達200萬，全年赴臺旅客數推估有620萬，將較去年減少566萬人次，推估共約減少高達2264億元新臺幣的觀光產值。 臺灣創新旅行社董事長李奇嶽說，現在疫情延燒全世界，歐美狀況尤其嚴重，看桃園國際機場旅客現在一天進出量僅一、二千人就知道，3、4月基本上已經無望了，甚至可以說上半年觀光業會非常慘，是各產業的重災區。全年旅客數應該會是去年的一半，對臺灣各觀光產業的衝擊非常大。因此，臺當局幫助業者的救命錢，希望可以儘快發放。（中國臺灣網 李寧）,red
台中市一处民宅凌晨起火 致2人死亡,臺中市一處民宅凌晨3時許突然起火，消防人員據報前往把火撲滅。（圖片取自臺媒） 中國臺灣網4月1日訊 據臺灣《聯合報》報道，臺中市太平區一處民宅凌晨3時許突然起火，消防人員據報前往把火撲滅，在屋內2樓發現2具燒焦遺體，初步判斷應是設籍在那兒的沈姓婦人和另外一名女性，起火原因正在調查中。 據報道，該戶鄰居林姓男子表示，凌晨3時28分許，他下樓抽菸，發現斜對面住戶裏有火光及濃煙冒出，隨即打電話報警，當時巷內很安靜，未發現有人員進出。 據報道，現場燃燒面積約15平方米，在2樓後側臥室內的牀鋪及地上發現2名死者。其中2樓後側臥室全面燒燬、1樓客廳傢俱有部分燒燬。 因2名罹難者已被燒焦，外觀難以辨識特徵，但初步判斷應是設籍在那兒的沈姓女子（60歲）和另外一名女性。目前已聯繫上沈婦的子女前來，以釐清案情。（中國臺灣網 李寧）,red
台网友一张图曝高雄惊人变化：路更平了、灯更亮了,高雄新路面鋪設實景。（圖片取自臺媒） 中國臺灣網4月1日訊 據臺灣“中時電子報”報道，高雄市長韓國瑜上任一年多，大大小小的政績市民感受也許不同，但韓粉們就能精準地感受出高雄的變化了。有韓粉就表示，高雄和臺南交界的濱海公路上，高雄端路面路更平了、燈更亮了，不再是幾年前坑坑窪窪的慘狀。 臉譜網（facebook）粉絲專頁“韓黑父母不崩潰”3月31日發文表示，高雄“路平燈亮不是誰的專利，高雄也不是誰能夠獨佔！”該粉專指出，兩個相鄰的城市，高雄和臺南竟有天壤之別，高雄新裝設的LED燈，對比縣界道路後，就是比臺南還亮。該粉專也同時指出，不論喜不喜歡韓國瑜，也請感謝高雄市府團隊所做出的努力。 其他韓粉也表示，“家門前大馬路上上星期纔剛換LED燈 ，不只馬路連人行道都照的光亮清楚，照明度非常高，真神奇”“高雄市府團隊必須贊”“減少交通事故，功德無限”“韓國瑜市長、李四川副市長及市府團隊大家辛苦了”。（中國臺灣網 李寧）,red
经费不足！柯文哲LINE官方帐号将暂时关闭,臺北市長柯文哲。（圖片來源：臺灣“東森新聞”） 中國臺灣網4月1日訊 據臺灣“東森新聞”報道，臺北市長柯文哲的LINE（臺灣常用社交媒體）官方帳號去年5月1日重啓，昨日團隊宣佈因經費不足將暫時關閉。 臺北市副發言人戴於文昨日表示，該帳號費用爲柯文哲個人出資，截至目前爲止，共支出約百萬（新臺幣，下同）元，粉絲數近40萬人。 據報道，柯文哲個人的LINE官方帳號在2018年6月啓用，當時一上線，短短几天就吸引了逾5萬人加好友，但在當年12月停用，直到去年5月1日重啓。 柯文哲在重啓時曾表示，帳號一個月的營運費用約7萬多元，當時他向太太陳佩琪討50萬元，並把錢拿給時任市府顧問、現任民衆黨“立委”蔡壁如處理。 昨晚8時30分柯文哲的LINE官方帳號張貼一則訊息，向所有成爲LINE@好友的所有人道謝，隨後表示表示因經費的關係，要暫時說再見。訊息指出，未來仍然會繼續在其它社交媒體平臺持續努力。（中國臺灣網 全志強）,red
台湾新竹医护爆料“被歧视” 院长呼吁不要差别对待,馬偕紀念醫院。（圖片來源：臺灣“中時電子報”） 中國臺灣網3月31日訊 據臺灣“中時電子報”報道，新冠肺炎疫情延續，臺灣各地傳出醫護人員遭排擠狀況，新竹市馬偕紀念醫院更傳出醫護人員宿舍電梯“被分流”，部分電梯醫護人員不可搭、部分按鍵不可按，讓在醫療前線拼命的醫護人員相當心寒。 據報道，新竹市馬偕醫院擁有負壓隔離病房以及新冠肺炎病毒合約實驗室，其中實驗室每日檢測最大值可達96組。近日檢測爆量，每日送檢測的樣本超過百件，讓檢驗人員緊繃神經，投入大量時間精神來工作。 但當醫護人員跟死神賽跑在前醫療前線搏鬥時，卻傳出連連遭到民衆歧視。馬偕院長蘇聰賢透露，院內有工作人員反映，宿舍的電梯被分類，出現院內員工專用、專按的電梯，讓員工們心情非常難受。 蘇聰賢表示，醫護人員在進出醫院都有嚴格的SOP（即標準作業程序），確定每個人進出醫院都是安全的。他呼籲民衆不需要擔心、不要差別對待，更不要歧視醫護人員。（中國臺灣網 全志強）,red
台拉间隔1米防疫！民众叫苦：恐让许多业者难以生存,賣場畫線控管民衆排隊間距。（圖片來源：臺灣“中時電子報”） 中國臺灣網3月30日訊 據臺灣“中時電子報”報道，近日，臺灣“流行疫情指揮中心”研擬，將“開罰未保持社交距離的民衆”，臺中有賣場就在各區畫線拉出1米距離。但有臺媒記者在現場看到，仍有民衆一不小心就忘記，另外，餐廳對此很難做到，原本一張圓桌可坐10到12人，但要保持每人1米，一桌只能坐4人，恐怕會讓一堆餐飲店倒閉。 臺媒記者在賣場看到，地上到處都貼了標示，要間隔1米，但還是有顧客沒注意，賣場人員趕緊上前提醒。該記者指出，因賣場裏的購物車就有110釐米，1人推1車就有130釐米，地上又畫線間隔，民衆在結帳時就能輕鬆保持距離，不過在餐廳也要這麼做，難度真的太高。 有餐廳員工就抱怨說，“家人一起吃飯怎麼可能哥哥、媽媽坐那一桌，妹妹他們就坐這一桌。”餐廳裏有5張圓桌、1個方桌，原本坐滿大約54人，但現在要隔1米，人數去掉一半，生意更難做了。 該記者實地探訪後表示，雖然民衆都說願意配合防疫措施，但現在餐廳生意已經很差，沒什麼人光顧，快撐不下去，很多業者都已關門，如果還要限制民衆用餐的距離，恐怕會讓許多業者難以生存下去。（中國臺灣網 全志強）,red
民进党高官之子耍特权，返台要机场员工陪喝咖啡致其确诊,【海外網3月30日綜合報道】 28日，臺灣地區流行疫情指揮中心公佈新冠肺炎確診信息，其中第269例確診者是名30多歲男性，在臺灣“觀光局”桃園機場旅服中心工作，原因竟是“接待”從菲律賓返臺的第277例確診病例導致感染，而第277例的身份是臺灣“交通部觀光局”高層主管的兒子。臺灣“交通部長”林佳龍得知後表示會在24小時內調查清楚，島內網友在線催問“佳龍，能查清楚嗎”？ 據臺灣《中時電子報》30日消息，臺灣“觀光局副局長”張錫聰證實，第277例確診患者的父親是局裏內勤主管。因該主管與第269例確診者有“叔侄輩的良好關係”，所以主管之子於3月20日返臺時，第269例確診者及另一名同仁去入境大廳接277；等車期間，3人去喝咖啡，直到局內主管抵達機場，將兒子送去飯店居家檢疫。28日其兒子確診，該名長官立即居家隔離，據傳該名觀光局主管上週曾參與多場會議。 29日，臺灣地區流行疫情指揮中心表示，第277例確診者從海外回來，攜帶了新冠病毒，到達機場後等待其父親來接，第269例確診者負責接待277，並一起喝咖啡、茶飲接觸約30多分鐘，纔會造成感染。只是第269例患者先被爆出了確診，269確診後其同事也立馬進行了隔離。 30日，臺灣“交通部政務次長”王國材亦證實，這名主管兒子20日下午2時抵達桃園機場，爲週五上班時間，經查詢該主管僅“口頭報告”，沒有完成請假程序。 臺灣“交通部長”林佳龍（圖源：臺媒） 對此，島內民衆指出自海外返臺，理應迅速居家隔離，怎麼還在機場喝咖啡，增加接觸他人機會、徒增他人感染風險？臺灣民衆也紛紛質疑這件事有“耍特權”的嫌疑。29日深夜，臺灣“交通部長”林佳龍在臉書上貼文表示，已要求在24小時內釐清，如有特權，絕不寬貸，另指示“觀光局”啓動分區辦公應變機制。 然而面對林佳龍的表態，島內民衆卻並不買賬，直言林佳龍在演戲，假裝做切割，“綠營何時變的大公無私了？”是忘記自己耍特權的時候了嗎？甚至還有網友在線催問，“佳龍，查出來沒？還在拖嗎？” 此前，林佳龍自己就多次捲入“耍特權”風波。據臺媒報道，林佳龍妻子廖婉如，遭臺灣一“議員”指控利用其身份介入花博事務，還堂而皇之參加市府相關會議，並引薦關係密切人員及企業參與花博相關事務和工程標案。根據臺灣“公職人員利益衝突迴避法”第12條，公職人員不得假借職務上之權力、機會或方法，圖其本人或關係人之利益。然而林佳龍理直氣壯地說他太太有專業要尊重，並要求該議員沉澱，冷靜一下，正向思考。此外，林佳龍岳父、其核心幕僚陳彥斌等均利用林佳龍身份的便捷，非法獲利過。（海外網 袁如霞）,red
台湾大学“炮轰”台疾管部门 负责人身兼两职“和稀泥”,張上淳（圖片來源：臺灣“中時電子報”） 中國臺灣網3月30日訊，據臺灣《中時電子報》報道，新冠肺炎疫情延燒，島內卻接連爆發“不和諧”聲音。臺灣大學27日晚間在境外社交媒體發文“炮轟”臺灣疾管部門不允許臺灣“中研院”公佈新冠肺炎疫情確診者足跡，引發各界關注。 目前，臺灣“中研院”有5名員工確診感染新冠肺炎，引起臺灣大學校方高度緊張，爲此，學校暫停了學生與“中研院”的交流。而臺灣流行疫情指揮中心社區防疫組副組長莊人祥卻以“不以爲然”四字迴應。 對此，臺大副校長兼臺灣流行疫情指揮中心專家諮詢小組召集人張上淳表示，莊人祥的迴應是通過媒體得知，而臺大的聲明是事後得知，他本人並沒有參與。他認爲，應該是莊人祥接受媒體採訪時，認爲“中研院”已經對外界作出相關信息公佈，而臺大方面則是由於與“中研院”交流密切，許多“中研院”的人平時大都在臺大工作，故以爲臺大覺得暫停交流比較安全。此舉應是“各方的認知上有所落差”。 而臺灣流行疫情指揮中心負責人陳時中也表示，部門之間因爲認知不同，導致溝通有誤差從而產生誤解。當前形式下，各方應當密切合作，纔會對疫情控制有所幫助。（中國臺灣網 曹帥兵）,red
台湾金融三业因疫情冲击受创 获利难创新高,顧立雄。（圖片來源：臺灣“中時電子報”） 中國臺灣網3月30日訊 據臺灣“中時電子報”報道，臺灣地區金融監管機構負責人顧立雄30日表示，受疫情衝擊，銀行業、保險業、證券業實行降息、紓困、減少投資等措施，使得收益大幅度下滑，預估金融三業今年獲利難再攀高峯。 自疫情爆發以來，臺灣地區多種行業均受到不同程度的衝擊，甚至有的行業更是慘淡。 顧立雄表示，銀行利息收入減少主要是受降息影響，尤其是臺灣地區貨幣管理機構降息2碼（0.25百分點），但公股行庫配合紓困要降2碼，且今年投資收益不好，所以銀行獲利恐難再創新高。保險業因要轉型，需控管保費收入，且投資收益減少，可能會出現利差損狀況，再加上國際板債券贖回潮，所以保險業今年獲利亦難再創新高。至於證券業今年則主要靠經紀業務的手續費收入，至於自營投資部門恐也受影響，難以再大幅成長，所以預估金融三業今年獲利恐難比去年增加並再創高峯。（中國臺灣網 劉璐璐）,red
把口罩戴反一会后再改过来继续戴，台防疫指挥官被质疑：是专业的吗？,【環球網報道】據臺灣“三立新聞網”報道，擔任臺灣地區流行疫情指揮中心指揮官的臺“衛福部長”陳時中28日出席在新北市舉辦的“惜食臺灣關懷醫護最前線”公益活動。活動現場，有媒體發現陳時中把防疫口罩戴反了。報道稱，活動現場，陳時中錯把口罩有顏色的一面朝內佩戴，過了好一會，發現自己戴錯後，他又把同一只口罩反過來，將有顏色的一面朝外戴上。此事在島內引發爭議。報道稱，當天出席活動的還有臺北市長柯文哲和新北市長侯友宜。對於陳時中被發現戴反口罩一事，記者詢問有醫師背景的柯文哲，以醫學角度來說口罩戴反了一段時間，發現戴錯還可以在反回正面繼續戴嗎？柯文哲先是笑說，“反過來繼續戴？呵呵呵，這什麼題目”，記者再追問，反過來繼續戴會不會影響口罩效果？柯文哲繼續笑說，“我很少，我不會戴錯，所以...呵呵，你問了一個我不會犯的錯誤我不曉得怎麼回答，隨後“哈哈哈”笑起來。對於陳時中口罩戴錯又反過來戴的行爲，有島內網友替他找理由稱，“部長”累了啊。有島內網友則表示，發現戴錯還可以再返回正面繼續帶嗎？錯誤示範，口罩戴反沒效果，被確診的人口水噴到再反過來戴等於直接吃病毒進去這智商實在不怎麼高。還有人質疑，這個指揮官確定是專業的嗎？也有人看到陳時中戴口罩後反問：不是說健康的人不比戴口罩？↓,red
抱怨排队买口罩苦日子  台湾网友获众人力挺,臺灣民衆排隊買口罩。（圖片來源：臺灣“中時電子報”） 中國臺灣網3月30日訊 據臺灣“中時電子報”報道，近日，有臺灣網友在社交媒體發出多張照片，顯示臺灣新北市新店區一間藥店門口民衆依舊大排長龍買口罩。 該網友同時發文稱：“提早部署，限制出口，智商一百八，網購2.0全世界羨慕，都已經兩個月了……請問英明睿智的民進黨當局，還要多久纔可以讓民衆脫離每週排隊一兩個小時，只能買三片口罩的苦日子…”。 這篇文章在社交媒體引發熱烈討論，得到衆多網友力挺：“造神運動，總有天跌落神壇”、“口號治臺遲早被看破手腳”。（中國臺灣網 全志強）,red
台湾2月4万余人领失业保险 创10年来单月新高,臺灣2月付失業保險件數創下10年以來單月新高。（圖片來源：臺灣“中時電子報”） 中國臺灣網3月30日訊 據臺灣“中時電子報”報道，臺灣“主計總處”日前公佈的數據顯示，臺灣2月申請失業保險人數明顯上升。據臺灣勞動主管部門統計，2月單月核付失業保險件數創下10年來新高，達40435人，相較去年2月的25643人、前年2月的19332人高出不少。 臺灣勞動主管部門指出，2月共核付40435件失業保險，包括8853人初核、3萬1582人再次核付、核付金額達94萬（新臺幣，下同）餘元，核付總件數、核付金額皆創下2011年以來單月新高。 對此，臺灣大學副教授辛炳隆認爲，臺灣通常在過年前領取失業保險人數會達到最高峯，而在過年後會因爲廠商擴大招聘、年後轉職潮等原因讓失業保險申請人數下降。但受到新冠肺炎影響，過完年後失業保險案件並未明顯下降，顯示廠商招聘意願保守，失業的民衆找不到適合的工作，僅能繼續請領失業給付。 但辛炳隆同時也認爲，如果疫情持續影響至6月、7月，屆時廠商招聘意向保守，又碰上畢業季，失業率數字會顯着攀升。（中國臺灣網 全志強）,red
台湾是否封城？ 最新民调结果吓死人,臺灣新冠肺炎病例持續增加。（圖片來源：臺灣“中時電子報”） 中國臺灣網3月27日訊 據臺灣“中時電子報”報道，臺灣地區今（27）日宣佈新增15例確診病例，累計確診達267人。隨着確診人數攀升，不少當地民衆也關注是否會有進一步措施。臺灣某機構最新民調就顯示，若疫情繼續擴散，大多數的民衆都支持封城、發佈緊急命令。 臺灣“東森新聞雲”於3月25日至26日進行抽樣調查，以20歲以上民衆爲對象，通過網絡調查，共收取有效樣本數1484份。調查結果顯示，若疫情持續擴散，高達78.2%的人支持實施封城措施，19.3%的人不認同，2.5%不知道或沒意見。 另外，對於是否認同臺當局領導人蔡英文發佈緊急命令，有76.4%的民衆認同，17.0%的人不認同，6.6%表示不知道或沒意見。（中國臺灣網 全志強）,red
台北市介绍疫情纾困计划 柯文哲：企业不要倒闭为主,臺北市官員介紹臺北市政府6大短期紓困措施。（圖片來源：臺灣“中時電子報”） 中國臺灣網3月27日訊 據臺灣“中時電子報”報道，25日，臺北市提出6大短期紓困措施。今天，臺灣台北市觀傳局長劉奕霆和市府副發言人黃瀞瑩在廣播節目中，針對臺北市6大短期紓困措施做出介紹。 劉奕霆指出，臺北許多大型知名觀光景點，從商圈反應就知道人潮減少很多，尤其是觀光客。 劉奕霆還說，臺北市長柯文哲對於現在企業主要的補救原則是，“不要讓他們倒閉”，因企業倒閉會面臨更多問題，例如失業。（中國臺灣網 全志強）,red
德国媒体记者吐槽台湾机场检疫漏洞百出,桃園機場。（圖片來源：臺灣“中時電子報”） 中國臺灣網3月26日訊 據臺灣“中時電子報”報道，近日，一名“德國之聲”記者李澄欣批評“臺灣機場檢疫漏洞百出”，質疑需要檢疫的人士“沒手機、沒辨識，機場內可亂跑”、“防疫專車只是計程車”。該記者的說法在臺灣當地論壇PTT引爆爭論。 李澄欣24日在“德國之聲”網站發表《記者手記：臺北隔離14天 機場漏洞處處？》一文。他表示自己於3月7日搭機到達臺灣，到達檢疫關卡，因他沒有臺灣手機號碼，只能留下香港號碼並註明會打開漫遊。但工作人員顯然沒遇過此類情況，也沒有相關應變指引，擾攘近半小時也無法解決，李澄欣提出留下電郵信箱作爲第二聯繫方式，才獲得蓋章放行。 不過他通過檢疫關卡後，身爲需要隔離的人士，身上沒有任何辨識手帶或貼紙，也沒有人追蹤跟進，跟一般旅客無異。抵達出境大廳更是可以隨便走，到銀行換錢、在便利店買飲料、到美食廣場吃飯一切自由，全靠自律。 機場捷運進出站設置告示立牌，警告檢疫人士不得乘搭大衆交通工具，但李澄欣表示沒見職員要求乘客進站前出示旅行證件或機票，如何識別檢疫人士成疑。而他原以爲“防疫專車”是包車或巴士，沒料到是計程車。 計程車司機除了戴口罩，不見其他防疫措施，下車後他也沒看到司機消毒車廂。李澄欣質疑，如乘客爲隱形帶菌者，恐傳染司機及下批乘客。 李澄欣的文章在PTT引爆熱議，批評者認爲“記者下車沒看到司機消毒、就能代表沒消毒嗎？”、“造謠罰300萬 快開單”、“破洞在哪拉？要不要下機先上手銬？” 但也有人認同李的觀點，表示“一堆莫名其妙護航的 是眼睛瞎了”、“重點是我們的防疫工作……”、“可以在機場大廳隨便走，這破口，嚴辦了誰？”（中國臺灣網 全志強）,red
台湾嘉义市3例确诊 全面禁探病后医院空荡荡,臺中榮總嘉義分院禁止探病，全院空蕩蕩。（圖片來源：臺灣“中時電子報”） 中國臺灣網3月27日訊 據臺灣“中時電子報”報道，今天上午，臺灣疾病管制部門傳染病統計資料查詢系統更新資料顯示，臺灣嘉義市已出現3起新冠肺炎確診病例。 嘉義市衛生局指出，新增2例是從歐洲返臺的2名男性，目前累計3例都是居家檢疫的人，都是第1次採檢即呈陽性反應，並立刻由專責救護車送醫。 嘉義市衛生局副局長廖育瑋則表示，請民衆不要恐慌，3例確診案例都從返臺時已做好個人防範，回臺後也配合居家檢疫。同時，爲加強防疫，27日起醫院全面禁止探病，加護病房（ICU）、安寧病房、病人術前說明等特殊情形得經主治醫師同意可以探病。（中國臺灣網 全志強）,red
台湾新增17例新冠肺炎确诊病例，累计252例,【環球網報道】據臺灣“中時電子報”《聯合報》等媒體26日報道，臺灣地區流行疫情指揮中心今日（26日）稱，臺灣新增17例新冠肺炎確診病例，其中15例爲境外移入病例，另有2例爲本地病例。截至目前，臺灣確診病例累計252例。另據臺灣“中央社”報道，臺灣地區流行疫情指揮中心稱，2例本地病例均爲境外移入病例的接觸者，其中第246例病例爲60多歲男性，他是美國移入的第209例病例同住家人，無疑似症狀，經接觸者採檢後確診。第247例病例爲40多歲女性，爲荷蘭移入的第228例病例同住家人，於3月23日發病，經就醫採檢通報後確診。此外，報道提到，臺灣地區流行疫情指揮中心稱，島內新增的15例境外移入確診病例包括7女8男，年齡介於20多歲至60多歲，入境日介於3月16日至23日，發病日介於3月11日至23日，發病前活動地包括美國、英國、新西蘭、西班牙、馬來西亞、摩納哥、墨西哥等國家。其中以英國移入病例最多，共6例。臺灣地區流行疫情指揮中心還稱，境外移入病例中，第248例病例於3月12日至20日跟團赴西班牙旅遊，該旅遊團中有2人於3月23日確診，包括第170例及第189例病例，第248例病例無症狀，經臺衛生單位進行接觸者採檢後確診，該旅遊團截至目前共計3人確診。其餘境外移入病例爲獨立個案，出境目的爲就學、工作或旅遊。,red
台湾男子为了躲避服兵役 竟想出这样一“绝招”,海外網10月14日電 臺灣一男子因想到法國讀書陪伴女友，決定用增胖20公斤的方法，來躲避服兵役。最終如他所願，該男子被順利免除兵役。到底該不該用這種方式來躲避服兵役？該男子的做法，引來臺灣網友熱議。 據臺媒14日報道，臺灣一男子昨日（13日）在社交平臺表示，他很想到法國讀書陪伴女友，但爲要服兵役而感到苦惱。該男子從2018年8月開始，決定增胖20公斤，從原本的76公斤暴增到97公斤，以此種方法來躲避服兵役。 該男子表示，他認定當時正在交往的法國籍女友是“真命天女”，女方曾爲了他休學一年留在臺灣，他很感動女友的付出，打算大學畢業後要到法國讀書和工作，希望能和女友在一起，所以纔出此“下策”。 日前該男子表示，自己已經得到免服兵役許可，不用服4個月的替代役。 到底該不該用這種方式來躲避服兵役？該男子的做法引來臺灣網友熱議。有網友表示支持該男子的做法，“當兵4個月？根本是去玩，浪費時間”、“凡事對得起自己，盡心盡力就好了。” 但也有網友質疑，“免役是給那種，真的有障礙的人用的，你這種好手好腳的在躲什麼？” 其實，臺灣青年拒服兵役的事情時有發生。據早前報道，2017年，一陳姓男子到宜蘭金六結營區服4個月的軍事訓練役，不過，他入營才4天便不想當兵，爲了提前退役，竟從營區2樓跳下，致使頭部和手臂受傷。對此，陳男辯解稱，他是爲了儘快出社會去賺錢，纔會選擇以跳樓的方式來提前退伍。（海外網/張榮耀）,red
性丑闻、贪污后，台军又被曝军官组团违规兼职直销,【環球網報道】繼性騷擾、貪污等醜聞後，臺軍近日又被曝出有軍官組團違規兼職，從事直銷。臺灣《聯合報》11日報道稱，今年7、8月，有臺灣網民兩度在"靠北長官"臉書粉絲頁對此進行爆料。臺灣《時報週刊》（CTWANT）今天（11日）還披露了一條由職業軍人組成的直銷體系。《聯合報》稱，7月20日，有人在"靠北長官"粉絲專頁貼出照片，點名照片中數名軍官，明知道軍中不能兼職，還組團跑去做直銷，每天高調發"勵志文"。8月25日，又有人在該粉絲專頁再度檢舉，稱這些軍官已被披露在"安全又美麗公司"兼職，軍方調查後未處置甚至不聞不問，任由這些人在軍中繼續兜售產品，遊說拉人入會。另據臺灣《時報週刊》今天披露，有一條由職業軍人組成的直銷體系，其成員均爲30歲出頭的上尉軍官，分別在臺陸軍航特部、陸軍第四地區支持指揮部、海軍海軍左營後勤支持指揮部、戰鬥系統工廠等單位服役。這條直銷體系及活動遍佈全臺，各軍種都"相繼淪陷"，甚至還有軍官穿軍服參加直銷表揚大會、辦活動擴大組織。報道稱，這些軍官表示，蔡當局年金改革後，職業軍人生活不可靠，纔會想靠直銷“賺大錢”。其中一名鄭姓上尉表示，臺當局對於軍公教的保障很不可靠，不知何時會沒收入。“過去二十年來沒有一年加過薪，怎能期待二十年後會有終身俸？”一名吳姓上尉則曾在臉書發文稱，"現在部隊沒有教導價值與願景，因爲根本不知道未來在哪裏，所以創業踏上直銷事業，期許現在正是年輕人的時代，在自己的選擇與努力下，做自己的主人。"《時報週刊》提及，臺防務部門稱，曾嚴令申明各單位官兵不得在營內籌組、招攬、參加互助會或從事直銷、代爲推介各種商品的牟利、詐騙行爲，若查證將直銷引入軍中者，初犯記過兩次，再犯記大過一次；擔任專員或經理以上職務者，其處分相同；並將追究單位主官督導防範不周的責任。據《聯合報》報道，臺海軍司令部今天對此迴應稱，司令部每日關注搜索各社羣網站，如有海軍相關情資，即主動調查瞭解，今年7月發現爆料網站有照片直指臺軍人員從事直銷，海軍隨即展開調查。報道稱，臺海軍司令部證實，經調查，照片中有5名海軍現役軍官，其中有一名周姓軍官與其妻共同從事直銷；另四名軍官經友人介紹僅購買商品及課程，尚未有從事直銷；而網站中的照片則是成員上完課程的合影，並非宣傳照片。海軍依"臺軍人員不得在外兼職兼差規定"核予周姓軍官"記過兩次"處分；其餘四位軍官核予"申誡兩次"處分。臺海軍司令部還宣稱，司令部將援引此事爲案例，持續加強倡導要求官兵不得在外兼職兼差，杜絕類似案件肇生，以維工作紀律。對於臺軍官組團違規兼職直銷一事，有島內網民怒斥，軍紀渙散到極限，真可悲↓但有島內網民則對此表示理解稱，蔡當局走私香菸變成"超買"，軍人退休金卻被砍一堆，他們只是在"投資未來"；（軍官兼職）直銷雖然不好，但蔡當局砍退休金，硬推年改，難道不准許（軍人）自力救濟嗎？↓,red
台驻日官员被指真正"老大"是毒枭 台当局急回应,海外網9月18日電 掌控東亞地區數千億毒品市場的“亞洲毒王”戴家秀（55歲，綽號肥哥、小戴），在日本發跡後曾成功滲透進“臺北駐日本經濟文化代表處”，對一名官員進行金錢賄賂和性招待，讓其通風報信，才得以躲過多次警方調查。 綜合臺灣中時電子報、週刊王9月18日消息，戴家秀去年在韓國被捕，但仍繼續在獄中遙控手下“三大門徒”，三人都是臺日混血，日文姓氏分別爲小山、吉見和大野。據國際刑警方面透露，這位大毒梟除了有“竹聯幫”、“山口組”等當靠山外，連“臺北駐日本經濟文化代表處”人員也曾被其賄賂滲透，幫助通風報信，充當“臥底”。  視頻截圖 報道稱，一名駐外人員爆料，“肥哥”曾多次被東京警視廳，以及千葉縣與大阪等地警察盯上，爲解決總是返回臺灣“避風頭”的麻煩，他打點買通一名劉姓官員向他通風報信，“只要跟他（肥哥）有關的訊息就要通報，根本就和電影無間道沒兩樣。” 據悉，該劉姓官員除了三天兩頭接受性招待、金錢賄賂外，在“臺北駐日本經濟文化代表處”需要接待外賓，而禮賓車輛不夠時，也都讓“肥哥”幫忙找來勞斯萊斯、賓利等高檔汽車，“這件事，我方根本完全不知情，還是日本警方發現後對我們提出警告，纔打算進行調查。” 不過，“臺北駐日本經濟文化代表處”方面還未來得及蒐證，“肥哥”就在韓國被捕，這名被賄賂的“臥底”見苗頭不對，連辭職信都沒寫就自動“人間蒸發”，再也沒到“代表處”上班。該駐外人員直言，“我研判他（臥底）離去前，一定有交接給其他同事，‘代表處’真的該好好清查。”  對於劉姓官員充當毒梟臥底一事，臺當局外事部門迴應稱，劉姓官員是“駐日代表處”的僱員，早已辭職。他在代表處工作期間，表現正常，至於他離職後的行爲，“代表處”既無從得知，且與“代表處”並無關係。“代表處”禮賓車不足時，均向合法的專業租車公司租用車輛，絕沒有向販毒或黑道集團借車。（海外網/朱簫）,red
台媒曝蔡英文警卫出轨美女“性治疗师”，蔡办紧急“辟谣”,【環球網報道】臺灣“鏡週刊”9月18日爆料稱，一名擔任蔡英文警衛多年的特勤中心陳姓中校軍官，與一名“性治療師”發展不倫戀多年。隨後這名軍官與蔡英文辦公室都急忙否認，但還是被島內網友吐槽，有網友批評稱“蛇鼠一窩”。據“鏡週刊”報道，這名陳姓中校與一名在“嵩馥性健康中心”任職的“性治療師”密戀多年，二人在朋友面前互動親密、毫不避諱，不知情的人會誤認爲二人是夫妻。在8月12日晚間，陳姓中校被拍到與這名“性治療師”以及另外幾名女性友人，前往臺北市中山區一間餐廳聚餐。當晚這名“性治療師”與陳姓中校並肩而坐，席間二人看上去十分親密。“鏡週刊”還稱曾多次直擊，陳姓中校與該名“性治療師”和朋友聚餐時，不僅上演“餵食秀”，女方甚至拿出情趣用品當作麥克風，餐後二人更前往女生的住處同居過夜。“中時電子報”18日報道稱，陳姓中校否認“不倫”，稱去年1月已恢復單身，有交友自由，與女“治療師”僅是好朋友。除此之外，蔡英文辦公室說，對媒體刊出的報道進行查證，相關人員並非蔡英文警衛，也非永和警衛室人員，該報道錯誤，爲免淆誤，特此說明，並請速爲更正。雖然蔡辦緊急闢謠，但島內網友並不買賬，批評稱，“蛇鼠一窩”，還有人質疑“那他是哪個單位的？” “(蔡辦這麼說)等於沒有否認是特勤中心的!”有網友批評稱，“上樑不正下樑歪!可以改名爲青樓了”，“怎麼不告？”有網友猜測，“漸漸地…荒唐醜事件件的爆出來”。 還有網友反諷，“假新聞，趕快告!”“什麼叫做性療師，工作內容是啥？”,red
子弹从天而降吓坏家中阿婆 原来是台军2公里外训练射击,12日上午，臺軍在新竹進行射擊訓練，不料將一顆子彈打入2公里外的一間民宅內，讓92歲的阿婆飽受驚嚇。據“ETtoday新聞雲”報道，阿婆說“人在家中坐，子彈天上來”。當時她正在房間的躺椅上休息，突然聽到客廳傳來“砰”的一聲，嚇了一大跳，於是她起身去看發生什麼事，結果竟看到地上有一顆正在冒煙的子彈，溫度還高的燙手，根本撿不起來，她才趕緊通知當地“里長”。據報道，當天在民宅2公里外進行訓練的是臺灣陸軍六軍團的隊伍，該部隊的指揮官李煜森說，上午8點半到11點半左右，部隊正在駐地進行射擊訓練，當時使用50支槍支射擊，有效射程一般爲1公里至2公里，飛行距離則會受當時風向、地形高地等影響。事發之後，李煜森等人前往民宅看望阿婆。他表示，雖然靶場距阿婆家有2公里遠，但現場都有備彈、避彈等相關措施，也不排除可能是子彈打到石頭等物體後又彈開。他還稱打入民宅的機率相當低，20多年來還是第一次遇到。“里長”彭亨媒指出，阿婆家的鐵皮屋頂有0.5米厚，子彈直穿天花板後掉到屋內，幸好當時落在沒有人的客廳，無人傷亡。（海外網 魏雪巍）,red
蔡英文把"美在台协会"官员名字念错 台媒:菜中文?,海外網9月12日電 蔡英文又唸錯字了，而且是“老熟人”的名字。昨日（11日），蔡英文與美國國務院副助卿巴斯比(Scott Busby)見面，“美國在臺協會”（AIT）處長酈英傑也在場，蔡英文將其名字錯念爲“鄺英傑”，引發爭議。 據臺灣《中時電子報》9月11日消息，蔡英文與酈英傑時常見面，可謂“老熟人”，但仍將其名字唸錯，臺媒則紛紛以“菜中文？”“尷尬”等詞報道。  事實上，蔡英文因“中文不好”被吐槽早已屢見不鮮。據臺灣“東森新聞雲”報道，臺灣地區領導人蔡英文與副手陳建仁的2016年新春春聯賀詞“自自冉冉”就曾引發爭議。有學者當時指正，“自自冉冉”屬於錯用，應爲“自自由由”。據悉，臺當局教育部門當時重編的辭典修訂本中也並無“自自冉冉”一詞。 除了寫錯字，蔡英文還出現過“寫不出字”的尷尬場景。8月28日，蔡英文參加“智慧顯示”展覽會，並在大型智慧面板上簽名留念。但當她拿起觸控筆，打算要簽上“加油！ 蔡英文”字樣時出了問題，寫到“英”字時無論如何都無法顯示完整，只能看到上面的“艹”字，現場頗爲尷尬。 “不信邪”的她接連試了好幾次仍然失敗，工程師緊急上場救援也不見成效，讓廠商人員更換面板模式也無成效。在隨行人員安排她到下個攤位時，蔡英文仍“不死心”，又回去寫了一次，依然如此。儘管此次簽名出醜可能歸咎於觸控面板的問題，但“敏感”的網友再次找出了“寫錯字”的老梗。 對於這次蔡英文再次唸錯字，島內網友也不淡定了。諷刺稱，“跟自自冉冉一樣，媓下令改字賜姓，不行嗎？”“哈哈哈，又不是第一次”“抱歉抱歉，讀稿機字庫未更新，請多包涵”。 還有網友提到“走私煙”和蔡英文博士論文涉嫌造假一事，“‘走私’都能說成‘超買’，很正常啦”“人家博士怎麼會念錯”。,red